{
  "project_info": {
    "project_number": "981533541532",
    "project_id": "login-7aff9",
    "storage_bucket": "login-7aff9.appspot.com"
  },
  "client": [
    {
      "client_info": {
        "mobilesdk_app_id": "1:981533541532:android:e27a77800ab190d9d35959",
        "android_client_info": {
          "package_name": "com.temple.app"
        }
      },
      "oauth_client": [
        {
          "client_id": "981533541532-8enal21fgsp0btfqrq72e6v2lps70i9f.apps.googleusercontent.com",
          "client_type": 3
        }
      ],
      "api_key": [
        {
          "current_key": "AIzaSyDVbB8WNtTrOgdvgdWllrxqUZXn-mUlDS4"
        }
      ],
      "services": {
        "appinvite_service": {
          "other_platform_oauth_client": [
            {
              "client_id": "981533541532-8enal21fgsp0btfqrq72e6v2lps70i9f.apps.googleusercontent.com",
              "client_type": 3
            }
          ]
        }
      }
    }
  ],
  "configuration_version": "1"
}