{
  "project_info": {
    "project_number": "595649641165",
    "project_id": "gomechainic",
    "storage_bucket": "gomechainic.appspot.com"
  },
  "client": [
    {
      "client_info": {
        "mobilesdk_app_id": "1:595649641165:android:6810d4fb47a96effc54784",
        "android_client_info": {
          "package_name": "com.example.gomechanic"
        }
      },
      "oauth_client": [
        {
          "client_id": "595649641165-hgs38r3h4km6agke1nla4mt91sd6gkfj.apps.googleusercontent.com",
          "client_type": 1,
          "android_info": {
            "package_name": "com.example.gomechanic",
            "certificate_hash": "f9c7776ede965ac2f88165d063c74f243955a63a"
          }
        },
        {
          "client_id": "595649641165-p6rula0r978qpf4itfn01iu6aiul0a0m.apps.googleusercontent.com",
          "client_type": 3
        }
      ],
      "api_key": [
        {
          "current_key": "AIzaSyAVxfJ3553hfPRF8h1-vKan-jPHON1vCug"
        }
      ],
      "services": {
        "appinvite_service": {
          "other_platform_oauth_client": [
            {
              "client_id": "595649641165-p6rula0r978qpf4itfn01iu6aiul0a0m.apps.googleusercontent.com",
              "client_type": 3
            }
          ]
        }
      }
    }
  ],
  "configuration_version": "1"
}