{
  "project_info": {
    "project_number": "800545252434",
    "project_id": "gymbytime-19061",
    "storage_bucket": "gymbytime-19061.appspot.com"
  },
  "client": [
    {
      "client_info": {
        "mobilesdk_app_id": "1:800545252434:android:92199405e09ac5699dab8b",
        "android_client_info": {
          "package_name": "com.gymbytime.gym"
        }
      },
      "oauth_client": [
        {
          "client_id": "800545252434-gprm61s11t19tpk84ll3n24s92u9ojfn.apps.googleusercontent.com",
          "client_type": 3
        }
      ],
      "api_key": [
        {
          "current_key": "AIzaSyCvH6qOubUFnojlHZsYYMTzMJqfq59WcII"
        }
      ],
      "services": {
        "appinvite_service": {
          "other_platform_oauth_client": [
            {
              "client_id": "800545252434-gprm61s11t19tpk84ll3n24s92u9ojfn.apps.googleusercontent.com",
              "client_type": 3
            }
          ]
        }
      }
    }
  ],
  "configuration_version": "1"
}