{
  "project_info": {
    "project_number": "109945951252",
    "project_id": "pranamtv-68a8f",
    "storage_bucket": "pranamtv-68a8f.appspot.com"
  },
  "client": [
    {
      "client_info": {
        "mobilesdk_app_id": "1:109945951252:android:fc136df6ee267593bc8301",
        "android_client_info": {
          "package_name": "com.app.pranamtv"
        }
      },
      "oauth_client": [
        {
          "client_id": "109945951252-1s0lhqcil3b696n5d8n6knqdatok45tm.apps.googleusercontent.com",
          "client_type": 1,
          "android_info": {
            "package_name": "com.app.pranamtv",
            "certificate_hash": "b5a4337bd927202b758d4d9781aa94f8ee8992a2"
          }
        },
        {
          "client_id": "109945951252-5cjbqjp9kjbh598pvgs45iolocdpf0i1.apps.googleusercontent.com",
          "client_type": 3
        }
      ],
      "api_key": [
        {
          "current_key": "AIzaSyB96rNLqG9P10AY7G7bbBU0vcDb48w-WV4"
        }
      ],
      "services": {
        "appinvite_service": {
          "other_platform_oauth_client": [
            {
              "client_id": "109945951252-5cjbqjp9kjbh598pvgs45iolocdpf0i1.apps.googleusercontent.com",
              "client_type": 3
            },
            {
              "client_id": "109945951252-l51161f3l8d7ijhisktg911j3crasbsl.apps.googleusercontent.com",
              "client_type": 2,
              "ios_info": {
                "bundle_id": "com.app.pranamtv"
              }
            }
          ]
        }
      }
    }
  ],
  "configuration_version": "1"
}