{"v":"5.5.8","fr":29.9700012207031,"ip":0,"op":108.00000439893,"w":1080,"h":1080,"nm":"Appointments","ddd":0,"assets":[],"layers":[{"ddd":0,"ind":1,"ty":4,"nm":"Shape Layer 8","sr":1,"ks":{"o":{"a":0,"k":100,"ix":11},"r":{"a":0,"k":0,"ix":10},"p":{"a":0,"k":[726.125,657.185,0],"ix":2},"a":{"a":0,"k":[-181.125,-60.565,0],"ix":1},"s":{"a":0,"k":[80.533,80.533,100],"ix":6}},"ao":0,"shapes":[{"ty":"gr","it":[{"ind":0,"ty":"sh","ix":1,"ks":{"a":0,"k":{"i":[[0,0],[9.986,-11.446],[1.007,-0.604],[0,0]],"o":[[0,0],[-11.866,13.601],[-4.646,2.637],[0,0]],"v":[[-144,-86.25],[-166.018,-66.862],[-189.104,-35.137],[-218.25,-51]],"c":false},"ix":2},"nm":"Path 1","mn":"ADBE Vector Shape - Group","hd":false},{"ty":"st","c":{"a":0,"k":[1,1,1,1],"ix":3},"o":{"a":0,"k":100,"ix":4},"w":{"a":0,"k":15,"ix":5},"lc":2,"lj":1,"ml":4,"bm":0,"nm":"Stroke 1","mn":"ADBE Vector Graphic - Stroke","hd":false},{"ty":"tr","p":{"a":0,"k":[0,0],"ix":2},"a":{"a":0,"k":[0,0],"ix":1},"s":{"a":0,"k":[100,100],"ix":3},"r":{"a":0,"k":0,"ix":6},"o":{"a":0,"k":100,"ix":7},"sk":{"a":0,"k":0,"ix":4},"sa":{"a":0,"k":0,"ix":5},"nm":"Transform"}],"nm":"Shape 1","np":3,"cix":2,"bm":0,"ix":1,"mn":"ADBE Vector Group","hd":false},{"ty":"tm","s":{"a":1,"k":[{"i":{"x":[0.35],"y":[1]},"o":{"x":[0.65],"y":[0]},"t":62,"s":[100],"e":[1]},{"t":73.000002973351}],"ix":1},"e":{"a":0,"k":100,"ix":2},"o":{"a":0,"k":0,"ix":3},"m":1,"ix":2,"nm":"Trim Paths 1","mn":"ADBE Vector Filter - Trim","hd":false}],"ip":17.0000006924242,"op":422.000017188412,"st":17.0000006924242,"bm":0},{"ddd":0,"ind":2,"ty":4,"nm":"Shape Layer 7","sr":1,"ks":{"o":{"a":0,"k":100,"ix":11},"r":{"a":0,"k":0,"ix":10},"p":{"a":0,"k":[538.125,654.185,0],"ix":2},"a":{"a":0,"k":[-181.125,-60.565,0],"ix":1},"s":{"a":0,"k":[80.533,80.533,100],"ix":6}},"ao":0,"shapes":[{"ty":"gr","it":[{"ind":0,"ty":"sh","ix":1,"ks":{"a":0,"k":{"i":[[0,0],[9.986,-11.446],[1.007,-0.604],[0,0]],"o":[[0,0],[-11.866,13.601],[-4.646,2.637],[0,0]],"v":[[-144,-86.25],[-166.018,-66.862],[-189.104,-35.137],[-218.25,-51]],"c":false},"ix":2},"nm":"Path 1","mn":"ADBE Vector Shape - Group","hd":false},{"ty":"st","c":{"a":0,"k":[1,1,1,1],"ix":3},"o":{"a":0,"k":100,"ix":4},"w":{"a":0,"k":15,"ix":5},"lc":2,"lj":1,"ml":4,"bm":0,"nm":"Stroke 1","mn":"ADBE Vector Graphic - Stroke","hd":false},{"ty":"tr","p":{"a":0,"k":[0,0],"ix":2},"a":{"a":0,"k":[0,0],"ix":1},"s":{"a":0,"k":[100,100],"ix":3},"r":{"a":0,"k":0,"ix":6},"o":{"a":0,"k":100,"ix":7},"sk":{"a":0,"k":0,"ix":4},"sa":{"a":0,"k":0,"ix":5},"nm":"Transform"}],"nm":"Shape 1","np":3,"cix":2,"bm":0,"ix":1,"mn":"ADBE Vector Group","hd":false},{"ty":"tm","s":{"a":1,"k":[{"i":{"x":[0.35],"y":[1]},"o":{"x":[0.65],"y":[0]},"t":52,"s":[100],"e":[1]},{"t":63.0000025660426}],"ix":1},"e":{"a":0,"k":100,"ix":2},"o":{"a":0,"k":0,"ix":3},"m":1,"ix":2,"nm":"Trim Paths 1","mn":"ADBE Vector Filter - Trim","hd":false}],"ip":7.00000028511585,"op":412.000016781104,"st":7.00000028511585,"bm":0},{"ddd":0,"ind":3,"ty":4,"nm":"Shape Layer 6","sr":1,"ks":{"o":{"a":0,"k":100,"ix":11},"r":{"a":0,"k":0,"ix":10},"p":{"a":0,"k":[353.125,473.185,0],"ix":2},"a":{"a":0,"k":[-181.125,-60.565,0],"ix":1},"s":{"a":0,"k":[80.533,80.533,100],"ix":6}},"ao":0,"shapes":[{"ty":"gr","it":[{"ind":0,"ty":"sh","ix":1,"ks":{"a":0,"k":{"i":[[0,0],[9.986,-11.446],[1.007,-0.604],[0,0]],"o":[[0,0],[-11.866,13.601],[-4.646,2.637],[0,0]],"v":[[-144,-86.25],[-166.018,-66.862],[-189.104,-35.137],[-218.25,-51]],"c":false},"ix":2},"nm":"Path 1","mn":"ADBE Vector Shape - Group","hd":false},{"ty":"st","c":{"a":0,"k":[1,1,1,1],"ix":3},"o":{"a":0,"k":100,"ix":4},"w":{"a":0,"k":15,"ix":5},"lc":2,"lj":1,"ml":4,"bm":0,"nm":"Stroke 1","mn":"ADBE Vector Graphic - Stroke","hd":false},{"ty":"tr","p":{"a":0,"k":[0,0],"ix":2},"a":{"a":0,"k":[0,0],"ix":1},"s":{"a":0,"k":[100,100],"ix":3},"r":{"a":0,"k":0,"ix":6},"o":{"a":0,"k":100,"ix":7},"sk":{"a":0,"k":0,"ix":4},"sa":{"a":0,"k":0,"ix":5},"nm":"Transform"}],"nm":"Shape 1","np":3,"cix":2,"bm":0,"ix":1,"mn":"ADBE Vector Group","hd":false},{"ty":"tm","s":{"a":1,"k":[{"i":{"x":[0.35],"y":[1]},"o":{"x":[0.65],"y":[0]},"t":45,"s":[100],"e":[1]},{"t":56.0000022809268}],"ix":1},"e":{"a":0,"k":100,"ix":2},"o":{"a":0,"k":0,"ix":3},"m":1,"ix":2,"nm":"Trim Paths 1","mn":"ADBE Vector Filter - Trim","hd":false}],"ip":0,"op":405.000016495988,"st":0,"bm":0},{"ddd":0,"ind":4,"ty":4,"nm":"Shape Layer 5","sr":1,"ks":{"o":{"a":0,"k":100,"ix":11},"r":{"a":0,"k":0,"ix":10},"p":{"a":0,"k":[540,540,0],"ix":2},"a":{"a":0,"k":[0,0,0],"ix":1},"s":{"a":0,"k":[100,100,100],"ix":6}},"ao":0,"shapes":[],"ip":0,"op":405.000016495988,"st":0,"bm":0},{"ddd":0,"ind":5,"ty":4,"nm":"Dato 6","sr":1,"ks":{"o":{"a":1,"k":[{"i":{"x":[0.63],"y":[1]},"o":{"x":[0.37],"y":[0]},"t":41,"s":[0],"e":[100]},{"t":47.0000019143492}],"ix":11},"r":{"a":0,"k":0,"ix":10},"p":{"a":0,"k":[725.799,657.736,0],"ix":2},"a":{"a":0,"k":[-202.201,-91.764,0],"ix":1},"s":{"a":1,"k":[{"i":{"x":[0.63,0.63,0.63],"y":[1,1,1]},"o":{"x":[0.37,0.37,0.37],"y":[0,0,0]},"t":41,"s":[30,30,100],"e":[120,120,100]},{"i":{"x":[0.833,0.833,0.833],"y":[1,1,1]},"o":{"x":[0.37,0.37,0.37],"y":[0,0,0]},"t":46,"s":[120,120,100],"e":[100,100,100]},{"t":48.0000019550801}],"ix":6}},"ao":0,"shapes":[{"ty":"gr","it":[{"d":1,"ty":"el","s":{"a":0,"k":[115.277,115.277],"ix":2},"p":{"a":0,"k":[0,0],"ix":3},"nm":"Ellipse Path 1","mn":"ADBE Vector Shape - Ellipse","hd":false},{"ty":"st","c":{"a":0,"k":[0,0,0,1],"ix":3},"o":{"a":0,"k":100,"ix":4},"w":{"a":0,"k":0,"ix":5},"lc":1,"lj":1,"ml":4,"bm":0,"nm":"Stroke 1","mn":"ADBE Vector Graphic - Stroke","hd":false},{"ty":"fl","c":{"a":1,"k":[{"i":{"x":[0.63],"y":[1]},"o":{"x":[0.37],"y":[0]},"t":66,"s":[0.803921580315,0.949019610882,0.96862745285,1],"e":[0.313725490196,0.780392156863,0.847058823529,1]},{"t":73.000002973351}],"ix":4},"o":{"a":0,"k":100,"ix":5},"r":1,"bm":0,"nm":"Fill 1","mn":"ADBE Vector Graphic - Fill","hd":false},{"ty":"tr","p":{"a":0,"k":[-202.201,-91.764],"ix":2},"a":{"a":0,"k":[0,0],"ix":1},"s":{"a":0,"k":[100,100],"ix":3},"r":{"a":0,"k":0,"ix":6},"o":{"a":0,"k":100,"ix":7},"sk":{"a":0,"k":0,"ix":4},"sa":{"a":0,"k":0,"ix":5},"nm":"Transform"}],"nm":"Ellipse 1","np":3,"cix":2,"bm":0,"ix":1,"mn":"ADBE Vector Group","hd":false}],"ip":5.00000020365417,"op":410.000016699642,"st":5.00000020365417,"bm":0},{"ddd":0,"ind":6,"ty":4,"nm":"Dato 5","sr":1,"ks":{"o":{"a":1,"k":[{"i":{"x":[0.63],"y":[1]},"o":{"x":[0.37],"y":[0]},"t":40,"s":[0],"e":[100]},{"t":46.0000018736184}],"ix":11},"r":{"a":0,"k":0,"ix":10},"p":{"a":0,"k":[539.549,657.736,0],"ix":2},"a":{"a":0,"k":[-202.201,-91.764,0],"ix":1},"s":{"a":1,"k":[{"i":{"x":[0.63,0.63,0.63],"y":[1,1,1]},"o":{"x":[0.37,0.37,0.37],"y":[0,0,0]},"t":40,"s":[30,30,100],"e":[120,120,100]},{"i":{"x":[0.833,0.833,0.833],"y":[1,1,1]},"o":{"x":[0.37,0.37,0.37],"y":[0,0,0]},"t":45,"s":[120,120,100],"e":[100,100,100]},{"t":47.0000019143492}],"ix":6}},"ao":0,"shapes":[{"ty":"gr","it":[{"d":1,"ty":"el","s":{"a":0,"k":[115.277,115.277],"ix":2},"p":{"a":0,"k":[0,0],"ix":3},"nm":"Ellipse Path 1","mn":"ADBE Vector Shape - Ellipse","hd":false},{"ty":"st","c":{"a":0,"k":[0,0,0,1],"ix":3},"o":{"a":0,"k":100,"ix":4},"w":{"a":0,"k":0,"ix":5},"lc":1,"lj":1,"ml":4,"bm":0,"nm":"Stroke 1","mn":"ADBE Vector Graphic - Stroke","hd":false},{"ty":"fl","c":{"a":1,"k":[{"i":{"x":[0.63],"y":[1]},"o":{"x":[0.37],"y":[0]},"t":60,"s":[0.803921580315,0.949019610882,0.96862745285,1],"e":[0.313725490196,0.780392156863,0.847058823529,1]},{"t":67.0000027289659}],"ix":4},"o":{"a":0,"k":100,"ix":5},"r":1,"bm":0,"nm":"Fill 1","mn":"ADBE Vector Graphic - Fill","hd":false},{"ty":"tr","p":{"a":0,"k":[-201.201,-91.764],"ix":2},"a":{"a":0,"k":[0,0],"ix":1},"s":{"a":0,"k":[100,100],"ix":3},"r":{"a":0,"k":0,"ix":6},"o":{"a":0,"k":100,"ix":7},"sk":{"a":0,"k":0,"ix":4},"sa":{"a":0,"k":0,"ix":5},"nm":"Transform"}],"nm":"Ellipse 1","np":3,"cix":2,"bm":0,"ix":1,"mn":"ADBE Vector Group","hd":false}],"ip":4.00000016292334,"op":409.000016658912,"st":4.00000016292334,"bm":0},{"ddd":0,"ind":7,"ty":4,"nm":"Dato 4","sr":1,"ks":{"o":{"a":1,"k":[{"i":{"x":[0.63],"y":[1]},"o":{"x":[0.37],"y":[0]},"t":39,"s":[0],"e":[100]},{"t":45.0000018328876}],"ix":11},"r":{"a":0,"k":0,"ix":10},"p":{"a":0,"k":[353.299,657.736,0],"ix":2},"a":{"a":0,"k":[-202.201,-91.764,0],"ix":1},"s":{"a":1,"k":[{"i":{"x":[0.63,0.63,0.63],"y":[1,1,1]},"o":{"x":[0.37,0.37,0.37],"y":[0,0,0]},"t":39,"s":[30,30,100],"e":[120,120,100]},{"i":{"x":[0.833,0.833,0.833],"y":[1,1,1]},"o":{"x":[0.37,0.37,0.37],"y":[0,0,0]},"t":44,"s":[120,120,100],"e":[100,100,100]},{"t":46.0000018736184}],"ix":6}},"ao":0,"shapes":[{"ty":"gr","it":[{"d":1,"ty":"el","s":{"a":0,"k":[115.277,115.277],"ix":2},"p":{"a":0,"k":[0,0],"ix":3},"nm":"Ellipse Path 1","mn":"ADBE Vector Shape - Ellipse","hd":false},{"ty":"st","c":{"a":0,"k":[0,0,0,1],"ix":3},"o":{"a":0,"k":100,"ix":4},"w":{"a":0,"k":0,"ix":5},"lc":1,"lj":1,"ml":4,"bm":0,"nm":"Stroke 1","mn":"ADBE Vector Graphic - Stroke","hd":false},{"ty":"fl","c":{"a":0,"k":[0.803921568627,0.949019607843,0.96862745098,1],"ix":4},"o":{"a":0,"k":100,"ix":5},"r":1,"bm":0,"nm":"Fill 1","mn":"ADBE Vector Graphic - Fill","hd":false},{"ty":"tr","p":{"a":0,"k":[-202.201,-91.764],"ix":2},"a":{"a":0,"k":[0,0],"ix":1},"s":{"a":0,"k":[100,100],"ix":3},"r":{"a":0,"k":0,"ix":6},"o":{"a":0,"k":100,"ix":7},"sk":{"a":0,"k":0,"ix":4},"sa":{"a":0,"k":0,"ix":5},"nm":"Transform"}],"nm":"Ellipse 1","np":3,"cix":2,"bm":0,"ix":1,"mn":"ADBE Vector Group","hd":false}],"ip":3.00000012219251,"op":408.000016618181,"st":3.00000012219251,"bm":0},{"ddd":0,"ind":8,"ty":4,"nm":"Dato 3","sr":1,"ks":{"o":{"a":1,"k":[{"i":{"x":[0.63],"y":[1]},"o":{"x":[0.37],"y":[0]},"t":38,"s":[0],"e":[100]},{"t":44.0000017921567}],"ix":11},"r":{"a":0,"k":0,"ix":10},"p":{"a":0,"k":[725.799,472.736,0],"ix":2},"a":{"a":0,"k":[-202.201,-91.764,0],"ix":1},"s":{"a":1,"k":[{"i":{"x":[0.63,0.63,0.63],"y":[1,1,1]},"o":{"x":[0.37,0.37,0.37],"y":[0,0,0]},"t":38,"s":[30,30,100],"e":[120,120,100]},{"i":{"x":[0.833,0.833,0.833],"y":[1,1,1]},"o":{"x":[0.37,0.37,0.37],"y":[0,0,0]},"t":43,"s":[120,120,100],"e":[100,100,100]},{"t":45.0000018328876}],"ix":6}},"ao":0,"shapes":[{"ty":"gr","it":[{"d":1,"ty":"el","s":{"a":0,"k":[115.277,115.277],"ix":2},"p":{"a":0,"k":[0,0],"ix":3},"nm":"Ellipse Path 1","mn":"ADBE Vector Shape - Ellipse","hd":false},{"ty":"st","c":{"a":0,"k":[0,0,0,1],"ix":3},"o":{"a":0,"k":100,"ix":4},"w":{"a":0,"k":0,"ix":5},"lc":1,"lj":1,"ml":4,"bm":0,"nm":"Stroke 1","mn":"ADBE Vector Graphic - Stroke","hd":false},{"ty":"fl","c":{"a":0,"k":[0.804839309992,0.947242527382,0.967585784314,1],"ix":4},"o":{"a":0,"k":100,"ix":5},"r":1,"bm":0,"nm":"Fill 1","mn":"ADBE Vector Graphic - Fill","hd":false},{"ty":"tr","p":{"a":0,"k":[-202.201,-91.764],"ix":2},"a":{"a":0,"k":[0,0],"ix":1},"s":{"a":0,"k":[100,100],"ix":3},"r":{"a":0,"k":0,"ix":6},"o":{"a":0,"k":100,"ix":7},"sk":{"a":0,"k":0,"ix":4},"sa":{"a":0,"k":0,"ix":5},"nm":"Transform"}],"nm":"Ellipse 1","np":3,"cix":2,"bm":0,"ix":1,"mn":"ADBE Vector Group","hd":false}],"ip":2.00000008146167,"op":407.00001657745,"st":2.00000008146167,"bm":0},{"ddd":0,"ind":9,"ty":4,"nm":"Dato 2","sr":1,"ks":{"o":{"a":1,"k":[{"i":{"x":[0.63],"y":[1]},"o":{"x":[0.37],"y":[0]},"t":37,"s":[0],"e":[100]},{"t":43.0000017514259}],"ix":11},"r":{"a":0,"k":0,"ix":10},"p":{"a":0,"k":[539.549,472.736,0],"ix":2},"a":{"a":0,"k":[-202.201,-91.764,0],"ix":1},"s":{"a":1,"k":[{"i":{"x":[0.63,0.63,0.63],"y":[1,1,1]},"o":{"x":[0.37,0.37,0.37],"y":[0,0,0]},"t":37,"s":[30,30,100],"e":[120,120,100]},{"i":{"x":[0.833,0.833,0.833],"y":[1,1,1]},"o":{"x":[0.37,0.37,0.37],"y":[0,0,0]},"t":42,"s":[120,120,100],"e":[100,100,100]},{"t":44.0000017921567}],"ix":6}},"ao":0,"shapes":[{"ty":"gr","it":[{"d":1,"ty":"el","s":{"a":0,"k":[115.277,115.277],"ix":2},"p":{"a":0,"k":[0,0],"ix":3},"nm":"Ellipse Path 1","mn":"ADBE Vector Shape - Ellipse","hd":false},{"ty":"st","c":{"a":0,"k":[0,0,0,1],"ix":3},"o":{"a":0,"k":100,"ix":4},"w":{"a":0,"k":0,"ix":5},"lc":1,"lj":1,"ml":4,"bm":0,"nm":"Stroke 1","mn":"ADBE Vector Graphic - Stroke","hd":false},{"ty":"fl","c":{"a":0,"k":[0.804839309992,0.947242527382,0.967585784314,1],"ix":4},"o":{"a":0,"k":100,"ix":5},"r":1,"bm":0,"nm":"Fill 1","mn":"ADBE Vector Graphic - Fill","hd":false},{"ty":"tr","p":{"a":0,"k":[-202.201,-91.764],"ix":2},"a":{"a":0,"k":[0,0],"ix":1},"s":{"a":0,"k":[100,100],"ix":3},"r":{"a":0,"k":0,"ix":6},"o":{"a":0,"k":100,"ix":7},"sk":{"a":0,"k":0,"ix":4},"sa":{"a":0,"k":0,"ix":5},"nm":"Transform"}],"nm":"Ellipse 1","np":3,"cix":2,"bm":0,"ix":1,"mn":"ADBE Vector Group","hd":false}],"ip":1.00000004073083,"op":406.000016536719,"st":1.00000004073083,"bm":0},{"ddd":0,"ind":10,"ty":4,"nm":"Dato 1","sr":1,"ks":{"o":{"a":1,"k":[{"i":{"x":[0.63],"y":[1]},"o":{"x":[0.37],"y":[0]},"t":36,"s":[0],"e":[100]},{"t":42.0000017106951}],"ix":11},"r":{"a":0,"k":0,"ix":10},"p":{"a":0,"k":[353.299,472.736,0],"ix":2},"a":{"a":0,"k":[-202.201,-91.764,0],"ix":1},"s":{"a":1,"k":[{"i":{"x":[0.63,0.63,0.63],"y":[1,1,1]},"o":{"x":[0.37,0.37,0.37],"y":[0,0,0]},"t":36,"s":[30,30,100],"e":[120,120,100]},{"i":{"x":[0.833,0.833,0.833],"y":[1,1,1]},"o":{"x":[0.37,0.37,0.37],"y":[0,0,0]},"t":41,"s":[120,120,100],"e":[100,100,100]},{"t":43.0000017514259}],"ix":6}},"ao":0,"shapes":[{"ty":"gr","it":[{"d":1,"ty":"el","s":{"a":0,"k":[115.277,115.277],"ix":2},"p":{"a":0,"k":[0,0],"ix":3},"nm":"Ellipse Path 1","mn":"ADBE Vector Shape - Ellipse","hd":false},{"ty":"st","c":{"a":0,"k":[0,0,0,1],"ix":3},"o":{"a":0,"k":100,"ix":4},"w":{"a":0,"k":0,"ix":5},"lc":1,"lj":1,"ml":4,"bm":0,"nm":"Stroke 1","mn":"ADBE Vector Graphic - Stroke","hd":false},{"ty":"fl","c":{"a":1,"k":[{"i":{"x":[0.63],"y":[1]},"o":{"x":[0.37],"y":[0]},"t":53,"s":[0.803921580315,0.949019610882,0.96862745285,1],"e":[0.313725490196,0.780392156863,0.847058823529,1]},{"t":60.0000024438501}],"ix":4},"o":{"a":0,"k":100,"ix":5},"r":1,"bm":0,"nm":"Fill 1","mn":"ADBE Vector Graphic - Fill","hd":false},{"ty":"tr","p":{"a":0,"k":[-202.201,-91.764],"ix":2},"a":{"a":0,"k":[0,0],"ix":1},"s":{"a":0,"k":[100,100],"ix":3},"r":{"a":0,"k":0,"ix":6},"o":{"a":0,"k":100,"ix":7},"sk":{"a":0,"k":0,"ix":4},"sa":{"a":0,"k":0,"ix":5},"nm":"Transform"}],"nm":"Ellipse 1","np":3,"cix":2,"bm":0,"ix":1,"mn":"ADBE Vector Group","hd":false}],"ip":0,"op":405.000016495988,"st":0,"bm":0},{"ddd":0,"ind":11,"ty":4,"nm":"Shape Layer 4","sr":1,"ks":{"o":{"a":1,"k":[{"i":{"x":[0.833],"y":[0.833]},"o":{"x":[0.167],"y":[0.167]},"t":39,"s":[0],"e":[100]},{"t":41.0000016699642}],"ix":11},"r":{"a":0,"k":0,"ix":10},"p":{"a":0,"k":[540,286.445,0],"ix":2},"a":{"a":0,"k":[-11.545,-526.115,0],"ix":1},"s":{"a":1,"k":[{"i":{"x":[0.55,0.55,0.55],"y":[1,1,1]},"o":{"x":[0.45,0.45,0.45],"y":[0,0,0]},"t":38,"s":[100,-1,100],"e":[100,100,100]},{"t":44.0000017921567}],"ix":6}},"ao":0,"shapes":[{"ty":"gr","it":[{"ty":"rc","d":1,"s":{"a":0,"k":[89.371,172.879],"ix":2},"p":{"a":0,"k":[0,0],"ix":3},"r":{"a":0,"k":100,"ix":4},"nm":"Rectangle Path 1","mn":"ADBE Vector Shape - Rect","hd":false},{"ty":"st","c":{"a":0,"k":[1,1,1,1],"ix":3},"o":{"a":0,"k":100,"ix":4},"w":{"a":0,"k":0,"ix":5},"lc":1,"lj":1,"ml":4,"bm":0,"nm":"Stroke 1","mn":"ADBE Vector Graphic - Stroke","hd":false},{"ty":"fl","c":{"a":0,"k":[0,1,0.847058883368,1],"ix":4},"o":{"a":0,"k":100,"ix":5},"r":1,"bm":0,"nm":"Fill 1","mn":"ADBE Vector Graphic - Fill","hd":false},{"ty":"tr","p":{"a":0,"k":[97.607,-526.115],"ix":2},"a":{"a":0,"k":[0,0],"ix":1},"s":{"a":0,"k":[92.822,100],"ix":3},"r":{"a":0,"k":0,"ix":6},"o":{"a":0,"k":100,"ix":7},"sk":{"a":0,"k":0,"ix":4},"sa":{"a":0,"k":0,"ix":5},"nm":"Transform"}],"nm":"Rectangle 2","np":3,"cix":2,"bm":0,"ix":1,"mn":"ADBE Vector Group","hd":false},{"ty":"gr","it":[{"ty":"rc","d":1,"s":{"a":0,"k":[89.371,172.879],"ix":2},"p":{"a":0,"k":[0,0],"ix":3},"r":{"a":0,"k":100,"ix":4},"nm":"Rectangle Path 1","mn":"ADBE Vector Shape - Rect","hd":false},{"ty":"st","c":{"a":0,"k":[1,1,1,1],"ix":3},"o":{"a":0,"k":100,"ix":4},"w":{"a":0,"k":0,"ix":5},"lc":1,"lj":1,"ml":4,"bm":0,"nm":"Stroke 1","mn":"ADBE Vector Graphic - Stroke","hd":false},{"ty":"fl","c":{"a":0,"k":[0,1,0.847058883368,1],"ix":4},"o":{"a":0,"k":100,"ix":5},"r":1,"bm":0,"nm":"Fill 1","mn":"ADBE Vector Graphic - Fill","hd":false},{"ty":"tr","p":{"a":0,"k":[-120.697,-526.115],"ix":2},"a":{"a":0,"k":[0,0],"ix":1},"s":{"a":0,"k":[92.822,100],"ix":3},"r":{"a":0,"k":0,"ix":6},"o":{"a":0,"k":100,"ix":7},"sk":{"a":0,"k":0,"ix":4},"sa":{"a":0,"k":0,"ix":5},"nm":"Transform"}],"nm":"Rectangle 1","np":3,"cix":2,"bm":0,"ix":2,"mn":"ADBE Vector Group","hd":false}],"ip":5.00000020365417,"op":410.000016699642,"st":5.00000020365417,"bm":0},{"ddd":0,"ind":12,"ty":4,"nm":"Ramme bg","sr":1,"ks":{"o":{"a":1,"k":[{"i":{"x":[0.4],"y":[1]},"o":{"x":[0.6],"y":[0]},"t":31,"s":[0],"e":[100]},{"t":36.0000014663101}],"ix":11},"r":{"a":0,"k":0,"ix":10},"p":{"a":0,"k":[540,549.758,0],"ix":2},"a":{"a":0,"k":[30.93,17.758,0],"ix":1},"s":{"a":0,"k":[77.201,100,100],"ix":6}},"ao":0,"shapes":[{"ty":"gr","it":[{"ty":"rc","d":1,"s":{"a":0,"k":[824.609,528.703],"ix":2},"p":{"a":0,"k":[0,0],"ix":3},"r":{"a":0,"k":14,"ix":4},"nm":"Rectangle Path 1","mn":"ADBE Vector Shape - Rect","hd":false},{"ty":"st","c":{"a":0,"k":[1,1,1,1],"ix":3},"o":{"a":0,"k":100,"ix":4},"w":{"a":0,"k":5,"ix":5},"lc":1,"lj":1,"ml":4,"bm":0,"nm":"Stroke 1","mn":"ADBE Vector Graphic - Stroke","hd":false},{"ty":"fl","c":{"a":0,"k":[1,1,1,1],"ix":4},"o":{"a":0,"k":100,"ix":5},"r":1,"bm":0,"nm":"Fill 1","mn":"ADBE Vector Graphic - Fill","hd":false},{"ty":"tr","p":{"a":0,"k":[30.93,17.758],"ix":2},"a":{"a":0,"k":[0,0],"ix":1},"s":{"a":0,"k":[100,100],"ix":3},"r":{"a":0,"k":0,"ix":6},"o":{"a":0,"k":100,"ix":7},"sk":{"a":0,"k":0,"ix":4},"sa":{"a":0,"k":0,"ix":5},"nm":"Transform"}],"nm":"Rectangle 1","np":3,"cix":2,"bm":0,"ix":1,"mn":"ADBE Vector Group","hd":false}],"ip":0,"op":405.000016495988,"st":0,"bm":0},{"ddd":0,"ind":13,"ty":4,"nm":"Shape Layer 3","sr":1,"ks":{"o":{"a":1,"k":[{"i":{"x":[0.833],"y":[0.833]},"o":{"x":[0.167],"y":[0.167]},"t":34,"s":[0],"e":[100]},{"t":36.0000014663101}],"ix":11},"r":{"a":0,"k":0,"ix":10},"p":{"a":1,"k":[{"i":{"x":0.18,"y":1},"o":{"x":0.82,"y":0},"t":34,"s":[429.859,636,0],"e":[429.859,546,0],"to":[0,-15,0],"ti":[0,15,0]},{"t":41.0000016699642}],"ix":2},"a":{"a":0,"k":[-121.686,-262.561,0],"ix":1},"s":{"a":0,"k":[100,100,100],"ix":6}},"ao":0,"shapes":[{"ty":"gr","it":[{"ty":"rc","d":1,"s":{"a":0,"k":[89.371,172.879],"ix":2},"p":{"a":0,"k":[0,0],"ix":3},"r":{"a":0,"k":100,"ix":4},"nm":"Rectangle Path 1","mn":"ADBE Vector Shape - Rect","hd":false},{"ty":"st","c":{"a":0,"k":[1,1,1,1],"ix":3},"o":{"a":0,"k":100,"ix":4},"w":{"a":0,"k":5,"ix":5},"lc":1,"lj":1,"ml":4,"bm":0,"nm":"Stroke 1","mn":"ADBE Vector Graphic - Stroke","hd":false},{"ty":"fl","c":{"a":0,"k":[0,1,0.847058883368,1],"ix":4},"o":{"a":0,"k":100,"ix":5},"r":1,"bm":0,"nm":"Fill 1","mn":"ADBE Vector Graphic - Fill","hd":false},{"ty":"tr","p":{"a":0,"k":[97.607,-526.115],"ix":2},"a":{"a":0,"k":[0,0],"ix":1},"s":{"a":0,"k":[100,100],"ix":3},"r":{"a":0,"k":0,"ix":6},"o":{"a":0,"k":100,"ix":7},"sk":{"a":0,"k":0,"ix":4},"sa":{"a":0,"k":0,"ix":5},"nm":"Transform"}],"nm":"Rectangle 2","np":3,"cix":2,"bm":0,"ix":1,"mn":"ADBE Vector Group","hd":false},{"ty":"gr","it":[{"ty":"rc","d":1,"s":{"a":0,"k":[89.371,172.879],"ix":2},"p":{"a":0,"k":[0,0],"ix":3},"r":{"a":0,"k":100,"ix":4},"nm":"Rectangle Path 1","mn":"ADBE Vector Shape - Rect","hd":false},{"ty":"st","c":{"a":0,"k":[1,1,1,1],"ix":3},"o":{"a":0,"k":100,"ix":4},"w":{"a":0,"k":5,"ix":5},"lc":1,"lj":1,"ml":4,"bm":0,"nm":"Stroke 1","mn":"ADBE Vector Graphic - Stroke","hd":false},{"ty":"fl","c":{"a":0,"k":[0,1,0.847058883368,1],"ix":4},"o":{"a":0,"k":100,"ix":5},"r":1,"bm":0,"nm":"Fill 1","mn":"ADBE Vector Graphic - Fill","hd":false},{"ty":"tr","p":{"a":0,"k":[-120.697,-526.115],"ix":2},"a":{"a":0,"k":[0,0],"ix":1},"s":{"a":0,"k":[100,100],"ix":3},"r":{"a":0,"k":0,"ix":6},"o":{"a":0,"k":100,"ix":7},"sk":{"a":0,"k":0,"ix":4},"sa":{"a":0,"k":0,"ix":5},"nm":"Transform"}],"nm":"Rectangle 1","np":3,"cix":2,"bm":0,"ix":2,"mn":"ADBE Vector Group","hd":false}],"ip":0,"op":405.000016495988,"st":0,"bm":0},{"ddd":0,"ind":14,"ty":4,"nm":"Ramme","sr":1,"ks":{"o":{"a":0,"k":100,"ix":11},"r":{"a":0,"k":0,"ix":10},"p":{"a":0,"k":[540,549.758,0],"ix":2},"a":{"a":0,"k":[30.93,17.758,0],"ix":1},"s":{"a":0,"k":[77.201,100,100],"ix":6}},"ao":0,"shapes":[{"ty":"gr","it":[{"ty":"rc","d":1,"s":{"a":0,"k":[824.609,528.703],"ix":2},"p":{"a":0,"k":[0,0],"ix":3},"r":{"a":0,"k":14,"ix":4},"nm":"Rectangle Path 1","mn":"ADBE Vector Shape - Rect","hd":false},{"ty":"st","c":{"a":0,"k":[1,1,1,1],"ix":3},"o":{"a":0,"k":100,"ix":4},"w":{"a":0,"k":5,"ix":5},"lc":1,"lj":1,"ml":4,"bm":0,"nm":"Stroke 1","mn":"ADBE Vector Graphic - Stroke","hd":false},{"ty":"tr","p":{"a":0,"k":[30.93,17.758],"ix":2},"a":{"a":0,"k":[0,0],"ix":1},"s":{"a":0,"k":[100,100],"ix":3},"r":{"a":0,"k":0,"ix":6},"o":{"a":0,"k":100,"ix":7},"sk":{"a":0,"k":0,"ix":4},"sa":{"a":0,"k":0,"ix":5},"nm":"Transform"}],"nm":"Rectangle 1","np":3,"cix":2,"bm":0,"ix":1,"mn":"ADBE Vector Group","hd":false},{"ty":"tm","s":{"a":1,"k":[{"i":{"x":[0.51],"y":[1]},"o":{"x":[0.49],"y":[0]},"t":0,"s":[100],"e":[100]},{"i":{"x":[0.51],"y":[1]},"o":{"x":[0.49],"y":[0]},"t":6,"s":[100],"e":[0]},{"t":34.0000013848484}],"ix":1},"e":{"a":0,"k":100,"ix":2},"o":{"a":0,"k":0,"ix":3},"m":1,"ix":2,"nm":"Trim Paths 1","mn":"ADBE Vector Filter - Trim","hd":false}],"ip":0,"op":405.000016495988,"st":0,"bm":0}],"markers":[]}