{"v":"5.2.1","fr":29.9700012207031,"ip":0,"op":60.0000024438501,"w":320,"h":480,"nm":"Congratulations","ddd":0,"assets":[],"layers":[{"ddd":0,"ind":1,"ty":4,"nm":"G Stars 7","sr":1,"ks":{"o":{"a":1,"k":[{"i":{"x":[0.833],"y":[0.833]},"o":{"x":[0.167],"y":[0.167]},"n":["0p833_0p833_0p167_0p167"],"t":0,"s":[0],"e":[100]},{"t":13.0000005295009}],"ix":11},"r":{"a":0,"k":0,"ix":10},"p":{"a":1,"k":[{"i":{"x":0.833,"y":0.833},"o":{"x":0.167,"y":0.167},"n":"0p833_0p833_0p167_0p167","t":12,"s":[162,238.728,0],"e":[162,-61.272,0],"to":[0,-50,0],"ti":[0,50,0]},{"t":27.0000010997325}],"ix":2},"a":{"a":0,"k":[7.944,7.567,0],"ix":1},"s":{"a":0,"k":[100,100,100],"ix":6}},"ao":0,"shapes":[{"ty":"gr","it":[{"ind":0,"ty":"sh","ix":1,"ks":{"a":0,"k":{"i":[[0,0],[0,0],[0,0],[0,0],[0,0],[0,0],[0,0],[0,0],[0,0],[0,0]],"o":[[0,0],[0,0],[0,0],[0,0],[0,0],[0,0],[0,0],[0,0],[0,0],[0,0]],"v":[[0,-7.318],[1.816,-1.727],[7.694,-1.727],[2.938,1.728],[4.755,7.318],[0,3.863],[-4.755,7.318],[-2.938,1.728],[-7.694,-1.727],[-1.816,-1.727]],"c":true},"ix":2},"nm":"Path 1","mn":"ADBE Vector Shape - Group","hd":false},{"ty":"fl","c":{"a":0,"k":[1,0.808000033509,0,1],"ix":4},"o":{"a":0,"k":100,"ix":5},"r":1,"nm":"Fill 1","mn":"ADBE Vector Graphic - Fill","hd":false},{"ty":"tr","p":{"a":0,"k":[7.944,7.568],"ix":2},"a":{"a":0,"k":[0,0],"ix":1},"s":{"a":0,"k":[100,100],"ix":3},"r":{"a":0,"k":0,"ix":6},"o":{"a":0,"k":100,"ix":7},"sk":{"a":0,"k":0,"ix":4},"sa":{"a":0,"k":0,"ix":5},"nm":"Transform"}],"nm":"Group 1","np":2,"cix":2,"ix":1,"mn":"ADBE Vector Group","hd":false}],"ip":0,"op":60.0000024438501,"st":0,"bm":0},{"ddd":0,"ind":2,"ty":4,"nm":"G Stars 6","sr":1,"ks":{"o":{"a":1,"k":[{"i":{"x":[0.833],"y":[0.833]},"o":{"x":[0.167],"y":[0.167]},"n":["0p833_0p833_0p167_0p167"],"t":0,"s":[0],"e":[100]},{"t":13.0000005295009}],"ix":11},"r":{"a":0,"k":0,"ix":10},"p":{"a":1,"k":[{"i":{"x":0.833,"y":0.833},"o":{"x":0.167,"y":0.167},"n":"0p833_0p833_0p167_0p167","t":12,"s":[162,238.728,0],"e":[-38,108.728,0],"to":[-33.3333320617676,-21.6666660308838,0],"ti":[33.3333320617676,21.6666660308838,0]},{"t":27.0000010997325}],"ix":2},"a":{"a":0,"k":[7.944,7.567,0],"ix":1},"s":{"a":0,"k":[100,100,100],"ix":6}},"ao":0,"shapes":[{"ty":"gr","it":[{"ind":0,"ty":"sh","ix":1,"ks":{"a":0,"k":{"i":[[0,0],[0,0],[0,0],[0,0],[0,0],[0,0],[0,0],[0,0],[0,0],[0,0]],"o":[[0,0],[0,0],[0,0],[0,0],[0,0],[0,0],[0,0],[0,0],[0,0],[0,0]],"v":[[0,-7.318],[1.816,-1.727],[7.694,-1.727],[2.938,1.728],[4.755,7.318],[0,3.863],[-4.755,7.318],[-2.938,1.728],[-7.694,-1.727],[-1.816,-1.727]],"c":true},"ix":2},"nm":"Path 1","mn":"ADBE Vector Shape - Group","hd":false},{"ty":"fl","c":{"a":0,"k":[1,0.808000033509,0,1],"ix":4},"o":{"a":0,"k":100,"ix":5},"r":1,"nm":"Fill 1","mn":"ADBE Vector Graphic - Fill","hd":false},{"ty":"tr","p":{"a":0,"k":[7.944,7.568],"ix":2},"a":{"a":0,"k":[0,0],"ix":1},"s":{"a":0,"k":[100,100],"ix":3},"r":{"a":0,"k":0,"ix":6},"o":{"a":0,"k":100,"ix":7},"sk":{"a":0,"k":0,"ix":4},"sa":{"a":0,"k":0,"ix":5},"nm":"Transform"}],"nm":"Group 1","np":2,"cix":2,"ix":1,"mn":"ADBE Vector Group","hd":false}],"ip":0,"op":60.0000024438501,"st":0,"bm":0},{"ddd":0,"ind":3,"ty":4,"nm":"G Stars 5","sr":1,"ks":{"o":{"a":1,"k":[{"i":{"x":[0.833],"y":[0.833]},"o":{"x":[0.167],"y":[0.167]},"n":["0p833_0p833_0p167_0p167"],"t":0,"s":[0],"e":[100]},{"t":13.0000005295009}],"ix":11},"r":{"a":0,"k":0,"ix":10},"p":{"a":1,"k":[{"i":{"x":0.833,"y":0.833},"o":{"x":0.167,"y":0.167},"n":"0p833_0p833_0p167_0p167","t":12,"s":[162,238.728,0],"e":[-58,238.728,0],"to":[-36.6666679382324,0,0],"ti":[36.6666679382324,0,0]},{"t":27.0000010997325}],"ix":2},"a":{"a":0,"k":[7.944,7.567,0],"ix":1},"s":{"a":0,"k":[100,100,100],"ix":6}},"ao":0,"shapes":[{"ty":"gr","it":[{"ind":0,"ty":"sh","ix":1,"ks":{"a":0,"k":{"i":[[0,0],[0,0],[0,0],[0,0],[0,0],[0,0],[0,0],[0,0],[0,0],[0,0]],"o":[[0,0],[0,0],[0,0],[0,0],[0,0],[0,0],[0,0],[0,0],[0,0],[0,0]],"v":[[0,-7.318],[1.816,-1.727],[7.694,-1.727],[2.938,1.728],[4.755,7.318],[0,3.863],[-4.755,7.318],[-2.938,1.728],[-7.694,-1.727],[-1.816,-1.727]],"c":true},"ix":2},"nm":"Path 1","mn":"ADBE Vector Shape - Group","hd":false},{"ty":"fl","c":{"a":0,"k":[1,0.808000033509,0,1],"ix":4},"o":{"a":0,"k":100,"ix":5},"r":1,"nm":"Fill 1","mn":"ADBE Vector Graphic - Fill","hd":false},{"ty":"tr","p":{"a":0,"k":[7.944,7.568],"ix":2},"a":{"a":0,"k":[0,0],"ix":1},"s":{"a":0,"k":[100,100],"ix":3},"r":{"a":0,"k":0,"ix":6},"o":{"a":0,"k":100,"ix":7},"sk":{"a":0,"k":0,"ix":4},"sa":{"a":0,"k":0,"ix":5},"nm":"Transform"}],"nm":"Group 1","np":2,"cix":2,"ix":1,"mn":"ADBE Vector Group","hd":false}],"ip":0,"op":60.0000024438501,"st":0,"bm":0},{"ddd":0,"ind":4,"ty":4,"nm":"G Stars 4","sr":1,"ks":{"o":{"a":1,"k":[{"i":{"x":[0.833],"y":[0.833]},"o":{"x":[0.167],"y":[0.167]},"n":["0p833_0p833_0p167_0p167"],"t":0,"s":[0],"e":[100]},{"t":13.0000005295009}],"ix":11},"r":{"a":0,"k":0,"ix":10},"p":{"a":1,"k":[{"i":{"x":0.833,"y":0.833},"o":{"x":0.167,"y":0.167},"n":"0p833_0p833_0p167_0p167","t":12,"s":[162,238.728,0],"e":[-38,358.728,0],"to":[-33.3333320617676,20,0],"ti":[33.3333320617676,-20,0]},{"t":27.0000010997325}],"ix":2},"a":{"a":0,"k":[7.944,7.567,0],"ix":1},"s":{"a":0,"k":[100,100,100],"ix":6}},"ao":0,"shapes":[{"ty":"gr","it":[{"ind":0,"ty":"sh","ix":1,"ks":{"a":0,"k":{"i":[[0,0],[0,0],[0,0],[0,0],[0,0],[0,0],[0,0],[0,0],[0,0],[0,0]],"o":[[0,0],[0,0],[0,0],[0,0],[0,0],[0,0],[0,0],[0,0],[0,0],[0,0]],"v":[[0,-7.318],[1.816,-1.727],[7.694,-1.727],[2.938,1.728],[4.755,7.318],[0,3.863],[-4.755,7.318],[-2.938,1.728],[-7.694,-1.727],[-1.816,-1.727]],"c":true},"ix":2},"nm":"Path 1","mn":"ADBE Vector Shape - Group","hd":false},{"ty":"fl","c":{"a":0,"k":[1,0.808000033509,0,1],"ix":4},"o":{"a":0,"k":100,"ix":5},"r":1,"nm":"Fill 1","mn":"ADBE Vector Graphic - Fill","hd":false},{"ty":"tr","p":{"a":0,"k":[7.944,7.568],"ix":2},"a":{"a":0,"k":[0,0],"ix":1},"s":{"a":0,"k":[100,100],"ix":3},"r":{"a":0,"k":0,"ix":6},"o":{"a":0,"k":100,"ix":7},"sk":{"a":0,"k":0,"ix":4},"sa":{"a":0,"k":0,"ix":5},"nm":"Transform"}],"nm":"Group 1","np":2,"cix":2,"ix":1,"mn":"ADBE Vector Group","hd":false}],"ip":0,"op":60.0000024438501,"st":0,"bm":0},{"ddd":0,"ind":5,"ty":4,"nm":"G Stars 3","sr":1,"ks":{"o":{"a":1,"k":[{"i":{"x":[0.833],"y":[0.833]},"o":{"x":[0.167],"y":[0.167]},"n":["0p833_0p833_0p167_0p167"],"t":0,"s":[0],"e":[100]},{"t":13.0000005295009}],"ix":11},"r":{"a":0,"k":0,"ix":10},"p":{"a":1,"k":[{"i":{"x":0.833,"y":0.833},"o":{"x":0.167,"y":0.167},"n":"0p833_0p833_0p167_0p167","t":12,"s":[162,238.728,0],"e":[162,618.728,0],"to":[0,63.3333320617676,0],"ti":[0,-63.3333320617676,0]},{"t":27.0000010997325}],"ix":2},"a":{"a":0,"k":[7.944,7.567,0],"ix":1},"s":{"a":0,"k":[100,100,100],"ix":6}},"ao":0,"shapes":[{"ty":"gr","it":[{"ind":0,"ty":"sh","ix":1,"ks":{"a":0,"k":{"i":[[0,0],[0,0],[0,0],[0,0],[0,0],[0,0],[0,0],[0,0],[0,0],[0,0]],"o":[[0,0],[0,0],[0,0],[0,0],[0,0],[0,0],[0,0],[0,0],[0,0],[0,0]],"v":[[0,-7.318],[1.816,-1.727],[7.694,-1.727],[2.938,1.728],[4.755,7.318],[0,3.863],[-4.755,7.318],[-2.938,1.728],[-7.694,-1.727],[-1.816,-1.727]],"c":true},"ix":2},"nm":"Path 1","mn":"ADBE Vector Shape - Group","hd":false},{"ty":"fl","c":{"a":0,"k":[1,0.808000033509,0,1],"ix":4},"o":{"a":0,"k":100,"ix":5},"r":1,"nm":"Fill 1","mn":"ADBE Vector Graphic - Fill","hd":false},{"ty":"tr","p":{"a":0,"k":[7.944,7.568],"ix":2},"a":{"a":0,"k":[0,0],"ix":1},"s":{"a":0,"k":[100,100],"ix":3},"r":{"a":0,"k":0,"ix":6},"o":{"a":0,"k":100,"ix":7},"sk":{"a":0,"k":0,"ix":4},"sa":{"a":0,"k":0,"ix":5},"nm":"Transform"}],"nm":"Group 1","np":2,"cix":2,"ix":1,"mn":"ADBE Vector Group","hd":false}],"ip":0,"op":60.0000024438501,"st":0,"bm":0},{"ddd":0,"ind":6,"ty":4,"nm":"G Stars 2","sr":1,"ks":{"o":{"a":1,"k":[{"i":{"x":[0.833],"y":[0.833]},"o":{"x":[0.167],"y":[0.167]},"n":["0p833_0p833_0p167_0p167"],"t":0,"s":[0],"e":[100]},{"t":13.0000005295009}],"ix":11},"r":{"a":0,"k":0,"ix":10},"p":{"a":1,"k":[{"i":{"x":0.833,"y":0.833},"o":{"x":0.167,"y":0.167},"n":"0p833_0p833_0p167_0p167","t":12,"s":[162,238.728,0],"e":[362,288.728,0],"to":[33.3333320617676,8.33333301544189,0],"ti":[-33.3333320617676,-8.33333301544189,0]},{"t":27.0000010997325}],"ix":2},"a":{"a":0,"k":[7.944,7.567,0],"ix":1},"s":{"a":0,"k":[100,100,100],"ix":6}},"ao":0,"shapes":[{"ty":"gr","it":[{"ind":0,"ty":"sh","ix":1,"ks":{"a":0,"k":{"i":[[0,0],[0,0],[0,0],[0,0],[0,0],[0,0],[0,0],[0,0],[0,0],[0,0]],"o":[[0,0],[0,0],[0,0],[0,0],[0,0],[0,0],[0,0],[0,0],[0,0],[0,0]],"v":[[0,-7.318],[1.816,-1.727],[7.694,-1.727],[2.938,1.728],[4.755,7.318],[0,3.863],[-4.755,7.318],[-2.938,1.728],[-7.694,-1.727],[-1.816,-1.727]],"c":true},"ix":2},"nm":"Path 1","mn":"ADBE Vector Shape - Group","hd":false},{"ty":"fl","c":{"a":0,"k":[1,0.808000033509,0,1],"ix":4},"o":{"a":0,"k":100,"ix":5},"r":1,"nm":"Fill 1","mn":"ADBE Vector Graphic - Fill","hd":false},{"ty":"tr","p":{"a":0,"k":[7.944,7.568],"ix":2},"a":{"a":0,"k":[0,0],"ix":1},"s":{"a":0,"k":[100,100],"ix":3},"r":{"a":0,"k":0,"ix":6},"o":{"a":0,"k":100,"ix":7},"sk":{"a":0,"k":0,"ix":4},"sa":{"a":0,"k":0,"ix":5},"nm":"Transform"}],"nm":"Group 1","np":2,"cix":2,"ix":1,"mn":"ADBE Vector Group","hd":false}],"ip":0,"op":60.0000024438501,"st":0,"bm":0},{"ddd":0,"ind":7,"ty":4,"nm":"G Stars","sr":1,"ks":{"o":{"a":1,"k":[{"i":{"x":[0.833],"y":[0.833]},"o":{"x":[0.167],"y":[0.167]},"n":["0p833_0p833_0p167_0p167"],"t":0,"s":[0],"e":[100]},{"t":13.0000005295009}],"ix":11},"r":{"a":0,"k":0,"ix":10},"p":{"a":1,"k":[{"i":{"x":0.833,"y":0.833},"o":{"x":0.167,"y":0.167},"n":"0p833_0p833_0p167_0p167","t":12,"s":[162,238.728,0],"e":[352,128.728,0],"to":[31.6666660308838,-18.3333339691162,0],"ti":[-31.6666660308838,18.3333339691162,0]},{"t":27.0000010997325}],"ix":2},"a":{"a":0,"k":[7.944,7.567,0],"ix":1},"s":{"a":0,"k":[100,100,100],"ix":6}},"ao":0,"shapes":[{"ty":"gr","it":[{"ind":0,"ty":"sh","ix":1,"ks":{"a":0,"k":{"i":[[0,0],[0,0],[0,0],[0,0],[0,0],[0,0],[0,0],[0,0],[0,0],[0,0]],"o":[[0,0],[0,0],[0,0],[0,0],[0,0],[0,0],[0,0],[0,0],[0,0],[0,0]],"v":[[0,-7.318],[1.816,-1.727],[7.694,-1.727],[2.938,1.728],[4.755,7.318],[0,3.863],[-4.755,7.318],[-2.938,1.728],[-7.694,-1.727],[-1.816,-1.727]],"c":true},"ix":2},"nm":"Path 1","mn":"ADBE Vector Shape - Group","hd":false},{"ty":"fl","c":{"a":0,"k":[1,0.808000033509,0,1],"ix":4},"o":{"a":0,"k":100,"ix":5},"r":1,"nm":"Fill 1","mn":"ADBE Vector Graphic - Fill","hd":false},{"ty":"tr","p":{"a":0,"k":[7.944,7.568],"ix":2},"a":{"a":0,"k":[0,0],"ix":1},"s":{"a":0,"k":[100,100],"ix":3},"r":{"a":0,"k":0,"ix":6},"o":{"a":0,"k":100,"ix":7},"sk":{"a":0,"k":0,"ix":4},"sa":{"a":0,"k":0,"ix":5},"nm":"Transform"}],"nm":"Group 1","np":2,"cix":2,"ix":1,"mn":"ADBE Vector Group","hd":false}],"ip":0,"op":60.0000024438501,"st":0,"bm":0},{"ddd":0,"ind":8,"ty":4,"nm":"Layer 4 Outlines","sr":1,"ks":{"o":{"a":0,"k":100,"ix":11},"r":{"a":0,"k":0,"ix":10},"p":{"a":0,"k":[127.5,197.227,0],"ix":2},"a":{"a":0,"k":[7.944,7.567,0],"ix":1},"s":{"a":1,"k":[{"i":{"x":[0.197,0.197,0.833],"y":[3.352,3.352,-21.222]},"o":{"x":[0.167,0.167,0.167],"y":[0.167,0.167,22.222]},"n":["0p197_3p352_0p167_0p167","0p197_3p352_0p167_0p167","0p833_-21p222_0p167_22p222"],"t":36,"s":[0,0,100],"e":[200,200,100]},{"i":{"x":[0,0,0.833],"y":[-1.429,-1.429,12.111]},"o":{"x":[0.167,0.167,0.167],"y":[0.167,0.167,-11.111]},"n":["0_-1p429_0p167_0p167","0_-1p429_0p167_0p167","0p833_12p111_0p167_-11p111"],"t":47,"s":[200,200,100],"e":[100,100,100]},{"t":49.0000019958109}],"ix":6}},"ao":0,"shapes":[{"ty":"gr","it":[{"ind":0,"ty":"sh","ix":1,"ks":{"a":0,"k":{"i":[[0,0],[0,0],[0,0],[0,0],[0,0],[0,0],[0,0],[0,0],[0,0],[0,0]],"o":[[0,0],[0,0],[0,0],[0,0],[0,0],[0,0],[0,0],[0,0],[0,0],[0,0]],"v":[[0,-7.318],[1.816,-1.727],[7.694,-1.727],[2.938,1.728],[4.755,7.318],[0,3.863],[-4.755,7.318],[-2.938,1.728],[-7.694,-1.727],[-1.816,-1.727]],"c":true},"ix":2},"nm":"Path 1","mn":"ADBE Vector Shape - Group","hd":false},{"ty":"fl","c":{"a":0,"k":[0.948999980852,0.948999980852,0.948999980852,1],"ix":4},"o":{"a":0,"k":100,"ix":5},"r":1,"nm":"Fill 1","mn":"ADBE Vector Graphic - Fill","hd":false},{"ty":"tr","p":{"a":0,"k":[7.944,7.568],"ix":2},"a":{"a":0,"k":[0,0],"ix":1},"s":{"a":0,"k":[100,100],"ix":3},"r":{"a":0,"k":0,"ix":6},"o":{"a":0,"k":100,"ix":7},"sk":{"a":0,"k":0,"ix":4},"sa":{"a":0,"k":0,"ix":5},"nm":"Transform"}],"nm":"Group 1","np":2,"cix":2,"ix":1,"mn":"ADBE Vector Group","hd":false}],"ip":0,"op":60.0000024438501,"st":0,"bm":0},{"ddd":0,"ind":9,"ty":4,"nm":"Layer 5 Outlines","sr":1,"ks":{"o":{"a":0,"k":100,"ix":11},"r":{"a":0,"k":0,"ix":10},"p":{"a":0,"k":[163.264,255.073,0],"ix":2},"a":{"a":0,"k":[57.217,58.323,0],"ix":1},"s":{"a":1,"k":[{"i":{"x":[0.833,0.833,0.833],"y":[0.833,0.833,0.833]},"o":{"x":[0.167,0.167,0.167],"y":[0.167,0.167,0.167]},"n":["0p833_0p833_0p167_0p167","0p833_0p833_0p167_0p167","0p833_0p833_0p167_0p167"],"t":12,"s":[0,0,100],"e":[125,125,100]},{"i":{"x":[0.833,0.833,0.833],"y":[0.833,0.833,0.833]},"o":{"x":[0.167,0.167,0.167],"y":[0.167,0.167,0.167]},"n":["0p833_0p833_0p167_0p167","0p833_0p833_0p167_0p167","0p833_0p833_0p167_0p167"],"t":20,"s":[125,125,100],"e":[100,100,100]},{"t":22.0000008960784}],"ix":6}},"ao":0,"shapes":[{"ty":"gr","it":[{"ind":0,"ty":"sh","ix":1,"ks":{"a":0,"k":{"i":[[0,-0.362],[0,0],[1.207,0],[0,0],[0,1.419],[0,0],[-0.128,0.323],[0,0]],"o":[[0,0],[-0.026,1.388],[0,0],[-1.222,-0.002],[0,0],[0,-0.378],[0,0],[0.118,0.312]],"v":[[24.424,-1.025],[24.424,-0.462],[22.211,2.044],[-22.215,2.001],[-24.424,-0.566],[-24.424,-0.982],[-24.227,-2.044],[24.241,-2.044]],"c":true},"ix":2},"nm":"Path 1","mn":"ADBE Vector Shape - Group","hd":false},{"ty":"fl","c":{"a":0,"k":[0.757000014361,0.426999978458,0.030999998953,1],"ix":4},"o":{"a":0,"k":100,"ix":5},"r":1,"nm":"Fill 1","mn":"ADBE Vector Graphic - Fill","hd":false},{"ty":"tr","p":{"a":0,"k":[56.639,114.352],"ix":2},"a":{"a":0,"k":[0,0],"ix":1},"s":{"a":0,"k":[100,100],"ix":3},"r":{"a":0,"k":0,"ix":6},"o":{"a":0,"k":100,"ix":7},"sk":{"a":0,"k":0,"ix":4},"sa":{"a":0,"k":0,"ix":5},"nm":"Transform"}],"nm":"Group 1","np":4,"cix":2,"ix":1,"mn":"ADBE Vector Group","hd":false},{"ty":"gr","it":[{"ind":0,"ty":"sh","ix":1,"ks":{"a":0,"k":{"i":[[0,0],[-0.041,-1.83],[0,0],[-0.013,1.906]],"o":[[0.002,1.904],[0,0],[0.022,-1.828],[0,0]],"v":[[-4.343,-3.268],[-4.275,3.269],[4.289,3.269],[4.343,-3.268]],"c":true},"ix":2},"nm":"Path 1","mn":"ADBE Vector Shape - Group","hd":false},{"ty":"fl","c":{"a":0,"k":[1,0.936999990426,0.694000004787,1],"ix":4},"o":{"a":0,"k":100,"ix":5},"r":1,"nm":"Fill 1","mn":"ADBE Vector Graphic - Fill","hd":false},{"ty":"tr","p":{"a":0,"k":[30.017,3.518],"ix":2},"a":{"a":0,"k":[0,0],"ix":1},"s":{"a":0,"k":[100,100],"ix":3},"r":{"a":0,"k":0,"ix":6},"o":{"a":0,"k":100,"ix":7},"sk":{"a":0,"k":0,"ix":4},"sa":{"a":0,"k":0,"ix":5},"nm":"Transform"}],"nm":"Group 2","np":4,"cix":2,"ix":2,"mn":"ADBE Vector Group","hd":false},{"ty":"gr","it":[{"ind":0,"ty":"sh","ix":1,"ks":{"a":0,"k":{"i":[[0,0],[0,0],[0,0],[0,0]],"o":[[0,0],[0,0],[0,0],[0,0]],"v":[[-36.212,3.268],[36.212,3.268],[36.212,-3.268],[-36.212,-3.268]],"c":true},"ix":2},"nm":"Path 1","mn":"ADBE Vector Shape - Group","hd":false},{"ty":"fl","c":{"a":0,"k":[1,0.808000033509,0,1],"ix":4},"o":{"a":0,"k":100,"ix":5},"r":1,"nm":"Fill 1","mn":"ADBE Vector Graphic - Fill","hd":false},{"ty":"tr","p":{"a":0,"k":[57.515,3.518],"ix":2},"a":{"a":0,"k":[0,0],"ix":1},"s":{"a":0,"k":[100,100],"ix":3},"r":{"a":0,"k":0,"ix":6},"o":{"a":0,"k":100,"ix":7},"sk":{"a":0,"k":0,"ix":4},"sa":{"a":0,"k":0,"ix":5},"nm":"Transform"}],"nm":"Group 3","np":4,"cix":2,"ix":3,"mn":"ADBE Vector Group","hd":false},{"ty":"gr","it":[{"ind":0,"ty":"sh","ix":1,"ks":{"a":0,"k":{"i":[[0,0],[0,0],[0,0],[0,0]],"o":[[0,0],[0,0],[0,0],[0,0]],"v":[[-34.999,-0.312],[34.999,2.029],[34.999,-2.029],[-34.999,-2.029]],"c":true},"ix":2},"nm":"Path 1","mn":"ADBE Vector Shape - Group","hd":false},{"ty":"fl","c":{"a":0,"k":[0.866999966491,0.592000026329,0.039000002543,1],"ix":4},"o":{"a":0,"k":100,"ix":5},"r":1,"nm":"Fill 1","mn":"ADBE Vector Graphic - Fill","hd":false},{"ty":"tr","p":{"a":0,"k":[57.312,8.617],"ix":2},"a":{"a":0,"k":[0,0],"ix":1},"s":{"a":0,"k":[100,100],"ix":3},"r":{"a":0,"k":0,"ix":6},"o":{"a":0,"k":100,"ix":7},"sk":{"a":0,"k":0,"ix":4},"sa":{"a":0,"k":0,"ix":5},"nm":"Transform"}],"nm":"Group 4","np":4,"cix":2,"ix":4,"mn":"ADBE Vector Group","hd":false},{"ty":"gr","it":[{"ind":0,"ty":"sh","ix":1,"ks":{"a":0,"k":{"i":[[0,0],[0,0]],"o":[[0,0],[0,0]],"v":[[47.915,74.363],[60.436,74.363]],"c":false},"ix":2},"nm":"Path 1","mn":"ADBE Vector Shape - Group","hd":false},{"ty":"st","c":{"a":0,"k":[1,0.808000033509,0,1],"ix":3},"o":{"a":0,"k":100,"ix":4},"w":{"a":0,"k":4.681,"ix":5},"lc":2,"lj":1,"ml":10,"ml2":{"a":0,"k":10,"ix":8},"nm":"Stroke 1","mn":"ADBE Vector Graphic - Stroke","hd":false},{"ty":"tr","p":{"a":0,"k":[0,0],"ix":2},"a":{"a":0,"k":[0,0],"ix":1},"s":{"a":0,"k":[100,100],"ix":3},"r":{"a":0,"k":0,"ix":6},"o":{"a":0,"k":100,"ix":7},"sk":{"a":0,"k":0,"ix":4},"sa":{"a":0,"k":0,"ix":5},"nm":"Transform"}],"nm":"Group 5","np":2,"cix":2,"ix":5,"mn":"ADBE Vector Group","hd":false},{"ty":"gr","it":[{"ind":0,"ty":"sh","ix":1,"ks":{"a":0,"k":{"i":[[0,0],[0,0]],"o":[[0,0],[0,0]],"v":[[60.435,74.363],[66.949,74.363]],"c":false},"ix":2},"nm":"Path 1","mn":"ADBE Vector Shape - Group","hd":false},{"ty":"st","c":{"a":0,"k":[0.866999966491,0.592000026329,0.039000002543,1],"ix":3},"o":{"a":0,"k":100,"ix":4},"w":{"a":0,"k":4.681,"ix":5},"lc":2,"lj":1,"ml":10,"ml2":{"a":0,"k":10,"ix":8},"nm":"Stroke 1","mn":"ADBE Vector Graphic - Stroke","hd":false},{"ty":"tr","p":{"a":0,"k":[0,0],"ix":2},"a":{"a":0,"k":[0,0],"ix":1},"s":{"a":0,"k":[100,100],"ix":3},"r":{"a":0,"k":0,"ix":6},"o":{"a":0,"k":100,"ix":7},"sk":{"a":0,"k":0,"ix":4},"sa":{"a":0,"k":0,"ix":5},"nm":"Transform"}],"nm":"Group 6","np":2,"cix":2,"ix":6,"mn":"ADBE Vector Group","hd":false},{"ty":"gr","it":[{"ind":0,"ty":"sh","ix":1,"ks":{"a":0,"k":{"i":[[0,0],[0,0]],"o":[[0,0],[0,0]],"v":[[47.915,76.938],[66.95,76.938]],"c":false},"ix":2},"nm":"Path 1","mn":"ADBE Vector Shape - Group","hd":false},{"ty":"st","c":{"a":0,"k":[0.866999966491,0.592000026329,0.039000002543,1],"ix":3},"o":{"a":0,"k":100,"ix":4},"w":{"a":0,"k":4.681,"ix":5},"lc":2,"lj":1,"ml":10,"ml2":{"a":0,"k":10,"ix":8},"nm":"Stroke 1","mn":"ADBE Vector Graphic - Stroke","hd":false},{"ty":"tr","p":{"a":0,"k":[0,0],"ix":2},"a":{"a":0,"k":[0,0],"ix":1},"s":{"a":0,"k":[100,100],"ix":3},"r":{"a":0,"k":0,"ix":6},"o":{"a":0,"k":100,"ix":7},"sk":{"a":0,"k":0,"ix":4},"sa":{"a":0,"k":0,"ix":5},"nm":"Transform"}],"nm":"Group 7","np":2,"cix":2,"ix":7,"mn":"ADBE Vector Group","hd":false},{"ty":"gr","it":[{"ind":0,"ty":"sh","ix":1,"ks":{"a":0,"k":{"i":[[0,0],[0,0]],"o":[[0,0],[0,0]],"v":[[54.305,85.206],[55.165,85.206]],"c":false},"ix":2},"nm":"Path 1","mn":"ADBE Vector Shape - Group","hd":false},{"ty":"st","c":{"a":0,"k":[0.866999966491,0.592000026329,0.039000002543,1],"ix":3},"o":{"a":0,"k":100,"ix":4},"w":{"a":0,"k":4.681,"ix":5},"lc":2,"lj":1,"ml":10,"ml2":{"a":0,"k":10,"ix":8},"nm":"Stroke 1","mn":"ADBE Vector Graphic - Stroke","hd":false},{"ty":"tr","p":{"a":0,"k":[0,0],"ix":2},"a":{"a":0,"k":[0,0],"ix":1},"s":{"a":0,"k":[100,100],"ix":3},"r":{"a":0,"k":0,"ix":6},"o":{"a":0,"k":100,"ix":7},"sk":{"a":0,"k":0,"ix":4},"sa":{"a":0,"k":0,"ix":5},"nm":"Transform"}],"nm":"Group 8","np":2,"cix":2,"ix":8,"mn":"ADBE Vector Group","hd":false},{"ty":"gr","it":[{"ind":0,"ty":"sh","ix":1,"ks":{"a":0,"k":{"i":[[0,0],[0,0]],"o":[[0,0],[0,0]],"v":[[56.547,85.206],[60.318,85.206]],"c":false},"ix":2},"nm":"Path 1","mn":"ADBE Vector Shape - Group","hd":false},{"ty":"st","c":{"a":0,"k":[0.866999966491,0.592000026329,0.039000002543,1],"ix":3},"o":{"a":0,"k":100,"ix":4},"w":{"a":0,"k":4.681,"ix":5},"lc":2,"lj":1,"ml":10,"ml2":{"a":0,"k":10,"ix":8},"nm":"Stroke 1","mn":"ADBE Vector Graphic - Stroke","hd":false},{"ty":"tr","p":{"a":0,"k":[0,0],"ix":2},"a":{"a":0,"k":[0,0],"ix":1},"s":{"a":0,"k":[100,100],"ix":3},"r":{"a":0,"k":0,"ix":6},"o":{"a":0,"k":100,"ix":7},"sk":{"a":0,"k":0,"ix":4},"sa":{"a":0,"k":0,"ix":5},"nm":"Transform"}],"nm":"Group 9","np":2,"cix":2,"ix":9,"mn":"ADBE Vector Group","hd":false},{"ty":"gr","it":[{"ind":0,"ty":"sh","ix":1,"ks":{"a":0,"k":{"i":[[0,0],[0,0]],"o":[[0,0],[0,0]],"v":[[54.305,87.195],[60.319,87.195]],"c":false},"ix":2},"nm":"Path 1","mn":"ADBE Vector Shape - Group","hd":false},{"ty":"st","c":{"a":0,"k":[0.866999966491,0.592000026329,0.039000002543,1],"ix":3},"o":{"a":0,"k":100,"ix":4},"w":{"a":0,"k":4.681,"ix":5},"lc":2,"lj":1,"ml":10,"ml2":{"a":0,"k":10,"ix":8},"nm":"Stroke 1","mn":"ADBE Vector Graphic - Stroke","hd":false},{"ty":"tr","p":{"a":0,"k":[0,0],"ix":2},"a":{"a":0,"k":[0,0],"ix":1},"s":{"a":0,"k":[100,100],"ix":3},"r":{"a":0,"k":0,"ix":6},"o":{"a":0,"k":100,"ix":7},"sk":{"a":0,"k":0,"ix":4},"sa":{"a":0,"k":0,"ix":5},"nm":"Transform"}],"nm":"Group 10","np":2,"cix":2,"ix":10,"mn":"ADBE Vector Group","hd":false},{"ty":"gr","it":[{"ind":0,"ty":"sh","ix":1,"ks":{"a":0,"k":{"i":[[1.292,0],[0,0],[0,1.293],[-1.292,0],[0,0],[0,-1.293]],"o":[[0,0],[-1.292,0],[0,-1.293],[0,0],[1.293,0],[0,1.293]],"v":[[0.691,2.34],[-1.062,2.34],[-3.402,0.001],[-1.062,-2.34],[2.109,-2.34],[3.031,0.001]],"c":true},"ix":2},"nm":"Path 1","mn":"ADBE Vector Shape - Group","hd":false},{"ty":"fl","c":{"a":0,"k":[0.866999966491,0.592000026329,0.039000002543,1],"ix":4},"o":{"a":0,"k":100,"ix":5},"r":1,"nm":"Fill 1","mn":"ADBE Vector Graphic - Fill","hd":false},{"ty":"tr","p":{"a":0,"k":[51.856,99.365],"ix":2},"a":{"a":0,"k":[0,0],"ix":1},"s":{"a":0,"k":[100,100],"ix":3},"r":{"a":0,"k":0,"ix":6},"o":{"a":0,"k":100,"ix":7},"sk":{"a":0,"k":0,"ix":4},"sa":{"a":0,"k":0,"ix":5},"nm":"Transform"}],"nm":"Group 11","np":4,"cix":2,"ix":11,"mn":"ADBE Vector Group","hd":false},{"ty":"gr","it":[{"ind":0,"ty":"sh","ix":1,"ks":{"a":0,"k":{"i":[[0,0],[0,0]],"o":[[0,0],[0,0]],"v":[[54.22,99.365],[58.68,99.365]],"c":false},"ix":2},"nm":"Path 1","mn":"ADBE Vector Shape - Group","hd":false},{"ty":"st","c":{"a":0,"k":[1,0.808000033509,0,1],"ix":3},"o":{"a":0,"k":100,"ix":4},"w":{"a":0,"k":4.681,"ix":5},"lc":2,"lj":1,"ml":10,"ml2":{"a":0,"k":10,"ix":8},"nm":"Stroke 1","mn":"ADBE Vector Graphic - Stroke","hd":false},{"ty":"tr","p":{"a":0,"k":[0,0],"ix":2},"a":{"a":0,"k":[0,0],"ix":1},"s":{"a":0,"k":[100,100],"ix":3},"r":{"a":0,"k":0,"ix":6},"o":{"a":0,"k":100,"ix":7},"sk":{"a":0,"k":0,"ix":4},"sa":{"a":0,"k":0,"ix":5},"nm":"Transform"}],"nm":"Group 12","np":2,"cix":2,"ix":12,"mn":"ADBE Vector Group","hd":false},{"ty":"gr","it":[{"ind":0,"ty":"sh","ix":1,"ks":{"a":0,"k":{"i":[[0,0],[0,0]],"o":[[0,0],[0,0]],"v":[[58.68,99.365],[64.232,99.365]],"c":false},"ix":2},"nm":"Path 1","mn":"ADBE Vector Shape - Group","hd":false},{"ty":"st","c":{"a":0,"k":[0.866999966491,0.592000026329,0.039000002543,1],"ix":3},"o":{"a":0,"k":100,"ix":4},"w":{"a":0,"k":4.681,"ix":5},"lc":2,"lj":1,"ml":10,"ml2":{"a":0,"k":10,"ix":8},"nm":"Stroke 1","mn":"ADBE Vector Graphic - Stroke","hd":false},{"ty":"tr","p":{"a":0,"k":[0,0],"ix":2},"a":{"a":0,"k":[0,0],"ix":1},"s":{"a":0,"k":[100,100],"ix":3},"r":{"a":0,"k":0,"ix":6},"o":{"a":0,"k":100,"ix":7},"sk":{"a":0,"k":0,"ix":4},"sa":{"a":0,"k":0,"ix":5},"nm":"Transform"}],"nm":"Group 13","np":2,"cix":2,"ix":13,"mn":"ADBE Vector Group","hd":false},{"ty":"gr","it":[{"ind":0,"ty":"sh","ix":1,"ks":{"a":0,"k":{"i":[[0,0],[0,0]],"o":[[0,0],[0,0]],"v":[[50.795,101.712],[64.233,101.712]],"c":false},"ix":2},"nm":"Path 1","mn":"ADBE Vector Shape - Group","hd":false},{"ty":"st","c":{"a":0,"k":[0.866999966491,0.592000026329,0.039000002543,1],"ix":3},"o":{"a":0,"k":100,"ix":4},"w":{"a":0,"k":4.681,"ix":5},"lc":2,"lj":1,"ml":10,"ml2":{"a":0,"k":10,"ix":8},"nm":"Stroke 1","mn":"ADBE Vector Graphic - Stroke","hd":false},{"ty":"tr","p":{"a":0,"k":[0,0],"ix":2},"a":{"a":0,"k":[0,0],"ix":1},"s":{"a":0,"k":[100,100],"ix":3},"r":{"a":0,"k":0,"ix":6},"o":{"a":0,"k":100,"ix":7},"sk":{"a":0,"k":0,"ix":4},"sa":{"a":0,"k":0,"ix":5},"nm":"Transform"}],"nm":"Group 14","np":2,"cix":2,"ix":14,"mn":"ADBE Vector Group","hd":false},{"ty":"gr","it":[{"ind":0,"ty":"sh","ix":1,"ks":{"a":0,"k":{"i":[[0.455,-0.426],[-0.005,-0.578],[-0.391,-3.857],[-0.007,-0.077],[0.924,-0.775],[0.101,-0.051],[-9.734,-0.381],[0,0],[1.161,0.097],[3.992,5.313],[0.098,0.135],[-0.19,0.153],[0,0.506],[0.227,0.266],[0.35,0],[0,0],[-0.188,4.235],[-0.037,0.428],[-0.848,1.824],[-0.797,31.084],[0.218,0.408],[0,0],[0,0],[0,0],[0.063,-1.452],[0.02,-0.409],[12.527,-18.131],[1.535,-1.879],[0.587,-1.272],[0.142,-0.23]],"o":[[0.002,0.59],[0.034,5.328],[0.008,0.08],[1.491,0.161],[-0.079,0.065],[2.636,8.386],[0,0],[0,-1.35],[-6.828,-0.567],[-0.1,-0.131],[0.249,-0.006],[0.335,-0.264],[0,-0.405],[-0.23,-0.264],[0,0],[-0.44,-3.427],[0.023,-0.479],[1.269,-0.98],[18.435,-14.633],[0.012,-0.517],[0,0],[0,0],[0,0],[-0.032,1.464],[-0.015,0.409],[-1.159,23.768],[-1.356,1.969],[-0.181,1.699],[-0.112,0.244],[-0.296,0.488]],"v":[[-17.234,25.812],[-17.225,27.568],[-16.648,41.605],[-16.624,41.841],[-15.653,44.536],[-15.923,44.712],[4.663,56.687],[4.663,56.122],[2.598,53.563],[-13.743,44.936],[-14.04,44.534],[-13.368,44.281],[-12.814,43.069],[-13.184,42.034],[-14.077,41.605],[-14.926,41.605],[-15.529,27.934],[-15.443,26.57],[-12.224,22.289],[15.884,-48.737],[15.561,-50.147],[17.234,-50.147],[17.234,-56.687],[8.69,-56.687],[8.546,-51.376],[8.492,-50.147],[-10.393,13.517],[-14.729,19.288],[-15.739,23.733],[-16.118,24.439]],"c":true},"ix":2},"nm":"Path 1","mn":"ADBE Vector Shape - Group","hd":false},{"ty":"fl","c":{"a":0,"k":[0.866999966491,0.592000026329,0.039000002543,1],"ix":4},"o":{"a":0,"k":100,"ix":5},"r":1,"nm":"Fill 1","mn":"ADBE Vector Graphic - Fill","hd":false},{"ty":"tr","p":{"a":0,"k":[76.4,57.205],"ix":2},"a":{"a":0,"k":[0,0],"ix":1},"s":{"a":0,"k":[100,100],"ix":3},"r":{"a":0,"k":0,"ix":6},"o":{"a":0,"k":100,"ix":7},"sk":{"a":0,"k":0,"ix":4},"sa":{"a":0,"k":0,"ix":5},"nm":"Transform"}],"nm":"Group 15","np":4,"cix":2,"ix":15,"mn":"ADBE Vector Group","hd":false},{"ty":"gr","it":[{"ind":0,"ty":"sh","ix":1,"ks":{"a":0,"k":{"i":[[0.25,0.639],[0.064,0.174],[0.283,0.846],[0.246,28.679],[-0.07,0.408],[-0.257,0],[0,0],[0.319,-0.735],[-0.01,-0.517],[-12.986,-14.999],[-0.772,-0.782],[-0.167,-0.167],[-0.67,-0.598],[-0.008,-0.074],[0,0],[0.003,0.075]],"o":[[-0.065,-0.167],[-0.3,-0.782],[-5.045,-14.999],[-0.004,-0.517],[0.124,-0.735],[0,0],[-0.662,0],[-0.18,0.408],[0.634,28.679],[0.729,0.846],[0.165,0.174],[0.642,0.639],[0.006,0.075],[0,0],[-0.003,-0.074],[-0.26,-0.598]],"v":[[12.901,35.474],[12.707,34.966],[11.832,32.521],[3.978,-34.916],[4.082,-36.326],[4.688,-37.554],[-11.845,-37.554],[-13.403,-36.326],[-13.672,-34.916],[6.543,32.521],[8.794,34.966],[9.294,35.474],[11.26,37.332],[11.282,37.554],[13.674,37.554],[13.665,37.332]],"c":true},"ix":2},"nm":"Path 1","mn":"ADBE Vector Shape - Group","hd":false},{"ty":"fl","c":{"a":0,"k":[1,0.936999990426,0.694000004787,1],"ix":4},"o":{"a":0,"k":100,"ix":5},"r":1,"nm":"Fill 1","mn":"ADBE Vector Graphic - Fill","hd":false},{"ty":"tr","p":{"a":0,"k":[43.071,43.383],"ix":2},"a":{"a":0,"k":[0,0],"ix":1},"s":{"a":0,"k":[100,100],"ix":3},"r":{"a":0,"k":0,"ix":6},"o":{"a":0,"k":100,"ix":7},"sk":{"a":0,"k":0,"ix":4},"sa":{"a":0,"k":0,"ix":5},"nm":"Transform"}],"nm":"Group 16","np":4,"cix":2,"ix":16,"mn":"ADBE Vector Group","hd":false},{"ty":"gr","it":[{"ind":0,"ty":"sh","ix":1,"ks":{"a":0,"k":{"i":[[0,-0.331],[-0.978,-2.348],[-1.586,-1.063],[-1.144,0],[-0.599,0.219],[-0.565,0.437],[-0.848,1.824],[-0.213,2.585],[-0.005,0.629],[0,0],[4.798,0],[0.303,-7.567]],"o":[[0,3.078],[0.961,2.319],[1,0.673],[0.635,0],[0.621,-0.226],[1.269,-0.979],[0.917,-1.963],[0.051,-0.609],[0,0],[0,-8.025],[-4.599,0],[-0.013,0.326]],"v":[[-8.687,0.001],[-7.137,8.282],[-3.236,13.488],[-0.001,14.529],[1.854,14.197],[3.636,13.199],[6.855,8.918],[8.604,2.004],[8.687,0.147],[8.687,0.001],[-0.001,-14.529],[-8.667,-0.985]],"c":true},"ix":2},"nm":"Path 1","mn":"ADBE Vector Shape - Group","hd":false},{"ty":"fl","c":{"a":0,"k":[1,0.808000033509,0,1],"ix":4},"o":{"a":0,"k":100,"ix":5},"r":1,"nm":"Fill 1","mn":"ADBE Vector Graphic - Fill","hd":false},{"ty":"tr","p":{"a":0,"k":[57.321,70.575],"ix":2},"a":{"a":0,"k":[0,0],"ix":1},"s":{"a":0,"k":[100,100],"ix":3},"r":{"a":0,"k":0,"ix":6},"o":{"a":0,"k":100,"ix":7},"sk":{"a":0,"k":0,"ix":4},"sa":{"a":0,"k":0,"ix":5},"nm":"Transform"}],"nm":"Group 17","np":4,"cix":2,"ix":17,"mn":"ADBE Vector Group","hd":false},{"ty":"gr","it":[{"ind":0,"ty":"sh","ix":1,"ks":{"a":0,"k":{"i":[[-0.048,0.243],[-0.977,-0.06],[-1.136,-0.031],[-0.2,-0.046],[0.069,-0.054],[0.02,-0.346],[0.619,-0.227],[0.636,0],[0.973,0.633],[0.017,0.335],[0.042,0.03]],"o":[[0.979,-0.106],[1.135,0.07],[0.227,0.007],[-0.069,0.056],[-0.027,0.317],[-0.562,0.434],[-0.598,0.219],[-1.108,0],[-0.008,-0.369],[-0.043,-0.03],[0.088,-0.203]],"v":[[-3.393,-1.344],[-0.436,-1.329],[2.967,-1.13],[3.603,-1.046],[3.398,-0.874],[3.329,0.124],[1.554,1.118],[-0.301,1.45],[-3.438,0.471],[-3.475,-0.585],[-3.603,-0.676]],"c":true},"ix":2},"nm":"Path 1","mn":"ADBE Vector Shape - Group","hd":false},{"ty":"fl","c":{"a":0,"k":[0.866999966491,0.592000026329,0.039000002543,1],"ix":4},"o":{"a":0,"k":100,"ix":5},"r":1,"nm":"Fill 1","mn":"ADBE Vector Graphic - Fill","hd":false},{"ty":"tr","p":{"a":0,"k":[57.555,84.642],"ix":2},"a":{"a":0,"k":[0,0],"ix":1},"s":{"a":0,"k":[100,100],"ix":3},"r":{"a":0,"k":0,"ix":6},"o":{"a":0,"k":100,"ix":7},"sk":{"a":0,"k":0,"ix":4},"sa":{"a":0,"k":0,"ix":5},"nm":"Transform"}],"nm":"Group 18","np":4,"cix":2,"ix":18,"mn":"ADBE Vector Group","hd":false},{"ty":"gr","it":[{"ind":0,"ty":"sh","ix":1,"ks":{"a":0,"k":{"i":[[0,-0.362],[0,0],[1.207,0],[0,0],[0,1.419],[0,0],[-0.128,0.323],[-0.873,0.031],[-3.502,5.059],[-0.024,0.037],[-0.158,0.258],[-0.024,0.041],[-0.183,1.003],[-0.022,0.133],[-0.039,0.266],[-0.111,3.705],[0.018,0.932],[0.018,0.333],[0.008,0.124],[-1.284,0],[0,0],[-0.393,-0.436],[0.067,-0.82],[0,-0.008],[0.019,-0.346],[0.007,-0.126],[-0.441,-3.428],[-0.037,-0.233],[-0.019,-0.12],[-0.161,0.148],[-0.07,-0.094],[-0.1,-0.13],[-0.122,-0.15],[-6.629,-0.549],[-0.319,-0.855]],"o":[[0,0],[-0.026,1.388],[0,0],[-1.222,-0.002],[0,0],[0,-0.378],[0.34,-0.866],[8.272,-0.31],[0.026,-0.037],[0.171,-0.247],[0.024,-0.037],[0.149,-0.034],[0.022,-0.123],[0.039,-0.235],[0.4,-2.712],[0.035,-1.071],[-0.006,-0.369],[-0.006,-0.131],[-0.097,-1.488],[0,0],[0.596,0],[0.476,0.522],[0,0.009],[-0.029,0.32],[-0.005,0.117],[-0.187,4.235],[0.034,0.269],[0.02,0.133],[0.179,1.069],[0.066,0.094],[0.098,0.136],[0.118,0.158],[3.961,5.012],[0.849,0.071],[0.118,0.312]],"v":[[24.424,14.661],[24.424,15.224],[22.211,17.729],[-22.215,17.687],[-24.424,15.119],[-24.424,14.703],[-24.227,13.642],[-22.269,12.139],[-4.776,3.915],[-4.698,3.804],[-4.206,3.046],[-4.135,2.932],[-3.624,1.279],[-3.558,0.899],[-3.441,0.144],[-2.542,-10.518],[-2.518,-13.548],[-2.555,-14.602],[-2.576,-14.982],[-0.37,-17.729],[2.119,-17.729],[3.642,-17.022],[4.321,-14.921],[4.319,-14.893],[4.249,-13.893],[4.231,-13.526],[4.834,0.144],[4.938,0.899],[4.997,1.279],[5.521,2.791],[5.722,3.072],[6.016,3.473],[6.374,3.934],[22.36,12.101],[24.241,13.642]],"c":true},"ix":2},"nm":"Path 1","mn":"ADBE Vector Shape - Group","hd":false},{"ty":"fl","c":{"a":0,"k":[1,0.808000033509,0,1],"ix":4},"o":{"a":0,"k":100,"ix":5},"r":1,"nm":"Fill 1","mn":"ADBE Vector Graphic - Fill","hd":false},{"ty":"tr","p":{"a":0,"k":[56.639,98.666],"ix":2},"a":{"a":0,"k":[0,0],"ix":1},"s":{"a":0,"k":[100,100],"ix":3},"r":{"a":0,"k":0,"ix":6},"o":{"a":0,"k":100,"ix":7},"sk":{"a":0,"k":0,"ix":4},"sa":{"a":0,"k":0,"ix":5},"nm":"Transform"}],"nm":"Group 19","np":4,"cix":2,"ix":19,"mn":"ADBE Vector Group","hd":false},{"ty":"gr","it":[{"ind":0,"ty":"sh","ix":1,"ks":{"a":0,"k":{"i":[[-0.012,-0.517],[-15.726,-14.999],[-0.934,-0.782],[-0.203,-0.167],[-0.812,-0.599],[-0.01,-0.074],[0,0],[-0.008,0.071],[-0.216,0.165],[-0.311,0.25],[-0.174,0.145],[-0.79,30.787],[0.218,0.409],[0.799,0],[0,0],[0.386,-0.735]],"o":[[0.768,28.679],[0.882,0.846],[0.2,0.174],[0.777,0.639],[0.007,0.074],[0,0],[0.008,-0.077],[0.218,-0.163],[0.315,-0.241],[0.176,-0.139],[18.077,-14.692],[0.012,-0.517],[-0.389,-0.735],[0,0],[-0.801,0],[-0.218,0.409]],"v":[[-34.956,-34.916],[-10.477,32.521],[-7.751,34.966],[-7.145,35.474],[-4.764,37.333],[-4.737,37.554],[5.234,37.554],[5.259,37.333],[5.908,36.844],[6.848,36.11],[7.374,35.684],[34.956,-34.916],[34.633,-36.326],[32.747,-37.554],[-32.745,-37.554],[-34.632,-36.326]],"c":true},"ix":2},"nm":"Path 1","mn":"ADBE Vector Shape - Group","hd":false},{"ty":"fl","c":{"a":0,"k":[1,0.808000033509,0,1],"ix":4},"o":{"a":0,"k":100,"ix":5},"r":1,"nm":"Fill 1","mn":"ADBE Vector Graphic - Fill","hd":false},{"ty":"tr","p":{"a":0,"k":[57.328,43.383],"ix":2},"a":{"a":0,"k":[0,0],"ix":1},"s":{"a":0,"k":[100,100],"ix":3},"r":{"a":0,"k":0,"ix":6},"o":{"a":0,"k":100,"ix":7},"sk":{"a":0,"k":0,"ix":4},"sa":{"a":0,"k":0,"ix":5},"nm":"Transform"}],"nm":"Group 20","np":4,"cix":2,"ix":20,"mn":"ADBE Vector Group","hd":false},{"ty":"gr","it":[{"ind":0,"ty":"sh","ix":1,"ks":{"a":0,"k":{"i":[[5.26,5.062],[1.985,16.836],[4.553,-14.956],[-0.001,0.001],[2.968,2.49],[2.914,-1.878],[-0.302,-5.07],[-12.738,-10.567],[0,0],[0,0],[0.563,-1.212],[1.223,-0.557],[0,0]],"o":[[-15.333,-14.069],[0.37,-17.728],[0,0],[0.996,-6.073],[-2.497,-2.095],[-3.314,2.136],[0.653,9.35],[0,0],[0,0],[2.39,2.776],[-0.609,1.313],[0,0],[3.424,-0.45]],"v":[[14.194,23.169],[-17.917,-16.587],[-3.815,-13.98],[-2.463,-13.992],[-5.505,-27.394],[-14.411,-27.752],[-19.152,-16.413],[1.031,13.605],[13.757,24.275],[13.795,24.318],[15.036,30.755],[11.91,33.406],[12.347,34.316]],"c":true},"ix":2},"nm":"Path 1","mn":"ADBE Vector Shape - Group","hd":false},{"ty":"fl","c":{"a":0,"k":[0.866999966491,0.592000026329,0.039000002543,1],"ix":4},"o":{"a":0,"k":100,"ix":5},"r":1,"nm":"Fill 1","mn":"ADBE Vector Graphic - Fill","hd":false},{"ty":"tr","p":{"a":0,"k":[23.326,42.088],"ix":2},"a":{"a":0,"k":[0,0],"ix":1},"s":{"a":0,"k":[100,100],"ix":3},"r":{"a":0,"k":0,"ix":6},"o":{"a":0,"k":100,"ix":7},"sk":{"a":0,"k":0,"ix":4},"sa":{"a":0,"k":0,"ix":5},"nm":"Transform"}],"nm":"Group 21","np":4,"cix":2,"ix":21,"mn":"ADBE Vector Group","hd":false},{"ty":"gr","it":[{"ind":0,"ty":"sh","ix":1,"ks":{"a":0,"k":{"i":[[0.673,-1.45],[0.079,-0.13],[-0.064,0.139],[1.311,1.543],[0,0],[3.408,4.937],[0.36,5.146],[-1.473,2.461],[-0.212,-3.561],[-3.725,-5.395],[-6.263,-5.194],[0,0]],"o":[[-0.065,0.14],[0.078,-0.129],[0.672,-1.449],[0,0],[-6.263,-5.194],[-3.725,-5.395],[-0.212,-3.563],[-1.471,2.461],[0.359,5.146],[3.408,4.936],[0,0],[1.311,1.543]],"v":[[15.672,32.72],[15.456,33.125],[15.669,32.724],[14.693,28.151],[2.057,17.555],[-12.518,2.286],[-18.673,-13.599],[-16.72,-22.781],[-18.671,-13.603],[-12.516,2.282],[2.061,17.551],[14.697,28.146]],"c":true},"ix":2},"nm":"Path 1","mn":"ADBE Vector Shape - Group","hd":false},{"ind":1,"ty":"sh","ix":2,"ks":{"a":0,"k":{"i":[[2.968,2.491],[2.914,-1.878],[0.773,-1.306],[-1.243,0.802],[-2.496,-2.095]],"o":[[-2.497,-2.095],[-1.242,0.8],[0.773,-1.308],[2.914,-1.877],[2.968,2.49]],"v":[[-3.703,-24.695],[-12.611,-25.052],[-15.645,-21.865],[-12.609,-25.057],[-3.701,-24.699]],"c":true},"ix":2},"nm":"Path 2","mn":"ADBE Vector Shape - Group","hd":false},{"ind":2,"ty":"sh","ix":3,"ks":{"a":0,"k":{"i":[[5.26,5.063],[1.985,16.836],[4.553,-14.955],[0,0],[-1.184,-18.84],[-19.246,-14.084],[2.049,-1.012],[0,0],[-0.002,0.001],[0,0],[-0.641,1.09],[1.07,-0.488],[0,0]],"o":[[-15.334,-14.069],[0.37,-17.729],[0,0],[3.214,-25.599],[-0.134,11.635],[4.272,2.812],[0,0],[0.001,-0.001],[0,0],[1.07,-0.487],[-0.641,1.092],[0,0],[3.424,-0.451]],"v":[[15.995,25.869],[-16.117,-13.887],[-1.994,-11.322],[1.6,-11.368],[-20.07,-13.84],[11.964,27.646],[12.706,34.032],[13.204,35.029],[13.208,35.027],[13.881,36.378],[16.587,33.932],[13.878,36.382],[14.169,36.967]],"c":true},"ix":2},"nm":"Path 3","mn":"ADBE Vector Shape - Group","hd":false},{"ty":"mm","mm":1,"nm":"Merge Paths 1","mn":"ADBE Vector Filter - Merge","hd":false},{"ty":"fl","c":{"a":0,"k":[1,0.808000033509,0,1],"ix":4},"o":{"a":0,"k":100,"ix":5},"r":1,"nm":"Fill 1","mn":"ADBE Vector Graphic - Fill","hd":false},{"ty":"tr","p":{"a":0,"k":[21.504,39.435],"ix":2},"a":{"a":0,"k":[0,0],"ix":1},"s":{"a":0,"k":[100,100],"ix":3},"r":{"a":0,"k":0,"ix":6},"o":{"a":0,"k":100,"ix":7},"sk":{"a":0,"k":0,"ix":4},"sa":{"a":0,"k":0,"ix":5},"nm":"Transform"}],"nm":"Group 22","np":7,"cix":2,"ix":22,"mn":"ADBE Vector Group","hd":false},{"ty":"gr","it":[{"ind":0,"ty":"sh","ix":1,"ks":{"a":0,"k":{"i":[[-5.227,5.107],[-1.877,16.853],[-4.648,-14.916],[0,0.001],[-2.952,2.515],[-2.925,-1.853],[0.269,-5.072],[12.67,-10.676],[0,0],[0,0],[-0.57,-1.207],[-1.227,-0.548],[0,0]],"o":[[15.243,-14.201],[-0.483,-17.724],[0,0],[-1.036,-6.064],[2.483,-2.117],[3.328,2.107],[-0.594,9.356],[0,0],[0,0],[-2.372,2.796],[0.618,1.308],[0,0],[-3.427,-0.422]],"v":[[-14.067,23.312],[17.789,-16.719],[3.704,-13.992],[2.352,-13.991],[5.308,-27.419],[14.212,-27.854],[19.025,-16.557],[-0.965,13.635],[-13.624,24.415],[-13.661,24.458],[-14.861,30.904],[-11.717,33.529],[-12.149,34.443]],"c":true},"ix":2},"nm":"Path 1","mn":"ADBE Vector Shape - Group","hd":false},{"ty":"fl","c":{"a":0,"k":[0.866999966491,0.592000026329,0.039000002543,1],"ix":4},"o":{"a":0,"k":100,"ix":5},"r":1,"nm":"Fill 1","mn":"ADBE Vector Graphic - Fill","hd":false},{"ty":"tr","p":{"a":0,"k":[91.356,42.184],"ix":2},"a":{"a":0,"k":[0,0],"ix":1},"s":{"a":0,"k":[100,100],"ix":3},"r":{"a":0,"k":0,"ix":6},"o":{"a":0,"k":100,"ix":7},"sk":{"a":0,"k":0,"ix":4},"sa":{"a":0,"k":0,"ix":5},"nm":"Transform"}],"nm":"Group 23","np":4,"cix":2,"ix":23,"mn":"ADBE Vector Group","hd":false},{"ty":"gr","it":[{"ind":0,"ty":"sh","ix":1,"ks":{"a":0,"k":{"i":[[-1.301,1.555],[0,0],[-3.376,4.966],[-0.327,5.149],[1.488,2.448],[0.19,-3.565],[3.691,-5.427],[6.229,-5.248],[0,0],[-0.682,-1.443],[-0.078,-0.128],[0.066,0.14]],"o":[[0,0],[6.229,-5.248],[3.691,-5.426],[0.19,-3.563],[1.49,2.449],[-0.326,5.149],[-3.377,4.965],[0,0],[-1.3,1.555],[0.065,0.139],[-0.079,-0.13],[-0.682,-1.444]],"v":[[-14.51,28.19],[-1.941,17.486],[12.536,2.092],[18.59,-13.845],[16.58,-23.006],[18.592,-13.841],[12.539,2.097],[-1.939,17.491],[-14.508,28.194],[-15.454,32.776],[-15.239,33.175],[-15.457,32.772]],"c":true},"ix":2},"nm":"Path 1","mn":"ADBE Vector Shape - Group","hd":false},{"ind":1,"ty":"sh","ix":2,"ks":{"a":0,"k":{"i":[[-2.952,2.516],[-2.925,-1.853],[-0.782,-1.301],[1.247,0.79],[2.483,-2.116]],"o":[[2.483,-2.117],[1.249,0.79],[-0.781,-1.299],[-2.925,-1.853],[-2.951,2.516]],"v":[[3.55,-24.812],[12.454,-25.246],[15.512,-22.081],[12.457,-25.242],[3.552,-24.808]],"c":true},"ix":2},"nm":"Path 2","mn":"ADBE Vector Shape - Group","hd":false},{"ind":2,"ty":"sh","ix":3,"ks":{"a":0,"k":{"i":[[-3.427,-0.421],[0,0],[0.648,1.086],[-1.073,-0.479],[0,0],[-0.002,0],[0,0],[-4.253,2.849],[0.209,11.633],[-3.378,-25.57],[0,0],[-0.483,-17.725],[15.243,-14.201]],"o":[[0,0],[-1.075,-0.479],[0.648,1.084],[0,0],[0.001,0.001],[0,0],[-2.056,-0.994],[19.156,-14.249],[1.063,-18.85],[0,0],[-4.649,-14.916],[-1.877,16.852],[-5.228,5.108]],"v":[[-13.926,37.006],[-13.639,36.419],[-16.364,33.992],[-13.642,36.415],[-12.977,35.057],[-12.973,35.059],[-12.482,34.058],[-11.782,27.666],[19.988,-14.094],[-1.666,-11.436],[1.929,-11.42],[16.034,-14.107],[-15.823,25.924]],"c":true},"ix":2},"nm":"Path 3","mn":"ADBE Vector Shape - Group","hd":false},{"ty":"mm","mm":1,"nm":"Merge Paths 1","mn":"ADBE Vector Filter - Merge","hd":false},{"ty":"fl","c":{"a":0,"k":[1,0.808000033509,0,1],"ix":4},"o":{"a":0,"k":100,"ix":5},"r":1,"nm":"Fill 1","mn":"ADBE Vector Graphic - Fill","hd":false},{"ty":"tr","p":{"a":0,"k":[93.133,39.619],"ix":2},"a":{"a":0,"k":[0,0],"ix":1},"s":{"a":0,"k":[100,100],"ix":3},"r":{"a":0,"k":0,"ix":6},"o":{"a":0,"k":100,"ix":7},"sk":{"a":0,"k":0,"ix":4},"sa":{"a":0,"k":0,"ix":5},"nm":"Transform"}],"nm":"Group 24","np":7,"cix":2,"ix":24,"mn":"ADBE Vector Group","hd":false}],"ip":0,"op":60.0000024438501,"st":0,"bm":0}],"markers":[]}